No,SKU,Urun Adi,Sorun,Ana Kategori,Mevcut Kategoriler
1,FLT01,Addis Ababa Coffee RB-286 Profesyonel Filtre Kahve Makinesi,Eksik kategoriler: Kahve & Bar Ekipmanları > Filtre Kahve Makineleri,Kahve & Bar Ekipmanları,"Kahve & Bar Ekipmanları, Tüm Ürünler, Fırsat Reyonu"
2,HIKU 26A HC,BREMA HIKU 26 A HC - 25 KG/GÜN KÜP BUZ MAKİNESİ DİSPENSERİ,Eksik kategoriler: Ana Mutfak Ekipmanları > Buz Makinesi,Ana Mutfak Ekipmanları,"Ana Mutfak Ekipmanları, Tüm Ürünler, Brema Buz Makinesi"
3,BIN.110,Brema BIN 110 Alt Hazne 100 kg Kapasiteli,Eksik kategoriler: Ana Mutfak Ekipmanları > Buz Makinesi,Ana Mutfak Ekipmanları,"Ana Mutfak Ekipmanları, Tüm Ürünler, Brema Buz Makinesi"
4,BIN200,Brema BIN 200 Alt Hazne 200 kg Kapasiteli,Eksik kategoriler: Ana Mutfak Ekipmanları > Buz Makinesi,Ana Mutfak Ekipmanları,"Ana Mutfak Ekipmanları, Tüm Ürünler, Brema Buz Makinesi"
5,BIN240PE,Brema BIN 240 PE Buz Haznesi 180 kg Kapasiteli,Eksik kategoriler: Ana Mutfak Ekipmanları > Buz Makinesi,Ana Mutfak Ekipmanları,"Ana Mutfak Ekipmanları, Tüm Ürünler, Brema Buz Makinesi"
6,BIN350,Brema BIN 350 Alt Hazne 350 kg Kapasiteli,Eksik kategoriler: Ana Mutfak Ekipmanları > Buz Makinesi,Ana Mutfak Ekipmanları,"Ana Mutfak Ekipmanları, Tüm Ürünler, Brema Buz Makinesi"
7,BIN 550 V DS,Brema BIN 550 V DS Buz Haznesi 550 kg Kapasiteli,Eksik kategoriler: Ana Mutfak Ekipmanları > Buz Makinesi,Ana Mutfak Ekipmanları,"Ana Mutfak Ekipmanları, Tüm Ürünler, Brema Buz Makinesi"
8,Bsf,Brema BSF A - 105 KG/GÜN GRANÜL BUZ MAKİNESİ DİSPENSERİ,Eksik kategoriler: Ana Mutfak Ekipmanları > Buz Makinesi,Ana Mutfak Ekipmanları,"Ana Mutfak Ekipmanları, Tüm Ürünler, Brema Buz Makinesi"
9,C300A,Brema C 300 A Küp Buz Makinesi 320 kg/gün Kapasiteli,Eksik kategoriler: Ana Mutfak Ekipmanları > Buz Makinesi,Ana Mutfak Ekipmanları,"Ana Mutfak Ekipmanları, Tüm Ürünler, Brema Buz Makinesi"
10,CB1565A,"Brema CB 1565 A HC Küp Buz Makinesi, 160 Kg/Gün Kapasiteli, 65 Kg Depolama Hazneli",Eksik kategoriler: Ana Mutfak Ekipmanları > Buz Makinesi,Ana Mutfak Ekipmanları,"Ana Mutfak Ekipmanları, Tüm Ürünler, Brema Buz Makinesi"
11,CB184A,Brema CB 184 Küp Buz Makinesi 23 Kg/Gün,Eksik kategoriler: Ana Mutfak Ekipmanları > Buz Makinesi,Ana Mutfak Ekipmanları,"Ana Mutfak Ekipmanları, Tüm Ürünler, Brema Buz Makinesi"
12,CB249A,Brema CB 249 A HC Buz Makinesi 32 kg/gün Kapasiteli,Eksik kategoriler: Ana Mutfak Ekipmanları > Buz Makinesi,Ana Mutfak Ekipmanları,"Ana Mutfak Ekipmanları, Tüm Ürünler, Brema Buz Makinesi"
13,CB249HC,Brema CB 249 HC B-QUBE Küp Buz Makinesi 29 kg/gün Kapasiteli Otomatik Temizleme Sistemi,Eksik kategoriler: Ana Mutfak Ekipmanları > Buz Makinesi,Ana Mutfak Ekipmanları,"Ana Mutfak Ekipmanları, Tüm Ürünler, Brema Buz Makinesi"
14,CB416HC,Brema CB 416 A HC B-QUBE Küp Buz Makinesi 44 kg/gün Kapasiteli Otomatik Temizleme Sistemi,Eksik kategoriler: Ana Mutfak Ekipmanları > Buz Makinesi,Ana Mutfak Ekipmanları,"Ana Mutfak Ekipmanları, Tüm Ürünler, Brema Buz Makinesi"
15,CB416A,Brema CB 416 A HC Küp Buz Makinesi 44 Kg/Gün,Eksik kategoriler: Ana Mutfak Ekipmanları > Buz Makinesi,Ana Mutfak Ekipmanları,"Ana Mutfak Ekipmanları, Tüm Ürünler, Brema Buz Makinesi"
16,CB425HC,Brema CB 425 A HC B-QUBE Küp Buz Makinesi 54 kg/gün Kapasiteli Otomatik Temizleme Sistemi,Eksik kategoriler: Ana Mutfak Ekipmanları > Buz Makinesi,Ana Mutfak Ekipmanları,"Ana Mutfak Ekipmanları, Tüm Ürünler, Brema Buz Makinesi"
17,CB640HC,Brema CB 640 A HC B-QUBE Küp Buz Makinesi 73 kg/gün Kapasiteli Otomatik Temizleme Sistemi,Eksik kategoriler: Ana Mutfak Ekipmanları > Buz Makinesi,Ana Mutfak Ekipmanları,"Ana Mutfak Ekipmanları, Tüm Ürünler, Brema Buz Makinesi"
18,CB640A,"Brema CB 640 A HC Buz Makinesi, 73 kg/gün Kapasiteli, 40 kg Hazneli",Eksik kategoriler: Ana Mutfak Ekipmanları > Buz Makinesi,Ana Mutfak Ekipmanları,"Ana Mutfak Ekipmanları, Tüm Ürünler, Brema Buz Makinesi"
19,CB840A HC B-QUBE,"Brema CB 840 A HC B-QUBE Buz Makinesi, 40 kg Hazneli, 82 kg/gün Kapasiteli",Eksik kategoriler: Ana Mutfak Ekipmanları > Buz Makinesi,Ana Mutfak Ekipmanları,"Ana Mutfak Ekipmanları, Tüm Ürünler, Brema Buz Makinesi"
20,CB840,"Brema CB 840 A HC Buz Makinesi, 40 kg Hazneli, 82 kg/gün Kapasiteli",Eksik kategoriler: Ana Mutfak Ekipmanları > Buz Makinesi,Ana Mutfak Ekipmanları,"Ana Mutfak Ekipmanları, Tüm Ürünler, Brema Buz Makinesi"
21,CB955HC,Brema CB 955 A HC B-QUBE Küp Buz Makinesi 97 kg/gün Kapasiteli Otomatik Temizleme Sistemi,Eksik kategoriler: Ana Mutfak Ekipmanları > Buz Makinesi,Ana Mutfak Ekipmanları,"Ana Mutfak Ekipmanları, Tüm Ürünler, Brema Buz Makinesi"
22,CB955A,Brema CB 955 A HC Buz Makinesi 97 kg/gün Kapasiteli,Eksik kategoriler: Ana Mutfak Ekipmanları > Buz Makinesi,Ana Mutfak Ekipmanları,"Ana Mutfak Ekipmanları, Tüm Ürünler, Brema Buz Makinesi"
23,CB 1565 A HC B-QUBE,"Brema CB1565 A HC B-QUBE Küp Buz Makinesi, 160 Kg/Gün Kapasiteli, 65 Kg Depolama Hazneli",Eksik kategoriler: Ana Mutfak Ekipmanları > Buz Makinesi,Ana Mutfak Ekipmanları,"Ana Mutfak Ekipmanları, Tüm Ürünler, Brema Buz Makinesi"
24,DRB.100,Brema DRB 100 Buz Haznesi 2x108 kg kapasiteli,Eksik kategoriler: Ana Mutfak Ekipmanları > Buz Makinesi,Ana Mutfak Ekipmanları,"Ana Mutfak Ekipmanları, Tüm Ürünler, Brema Buz Makinesi"
25,DRB.1200,Brema DRB 1200 Buz Haznesi 2x108 kg kapasiteli,Eksik kategoriler: Ana Mutfak Ekipmanları > Buz Makinesi,Ana Mutfak Ekipmanları,"Ana Mutfak Ekipmanları, Tüm Ürünler, Brema Buz Makinesi"
26,Drb.500,"Brema DRB 500 Buz Haznesi, 2x108 kg kapasiteli",Eksik kategoriler: Ana Mutfak Ekipmanları > Buz Makinesi,Ana Mutfak Ekipmanları,"Ana Mutfak Ekipmanları, Tüm Ürünler, Brema Buz Makinesi"
27,DSS42A,Brema DSS 42 A - 48 KG/GÜN KÜP BUZ MAKİNESİ DİSPENSERİ,Eksik kategoriler: Ana Mutfak Ekipmanları > Buz Makinesi,Ana Mutfak Ekipmanları,"Ana Mutfak Ekipmanları, Tüm Ürünler, Brema Buz Makinesi"
28,Fresh.Maker,Brema FRESH MAKER W - 25 KG/GÜN KÜP BUZ MAKİNESİ VE SU DİSPENSERİ,Eksik kategoriler: Ana Mutfak Ekipmanları > Buz Makinesi,Ana Mutfak Ekipmanları,"Ana Mutfak Ekipmanları, Tüm Ürünler, Brema Buz Makinesi"
29,G1000,Brema G 1000 A Kar Buz Makinesi 1000 kg/gün Kapasiteli,Eksik kategoriler: Ana Mutfak Ekipmanları > Buz Makinesi,Ana Mutfak Ekipmanları,"Ana Mutfak Ekipmanları, Tüm Ürünler, Brema Buz Makinesi"
30,G280A,Brema G 280 A HC Kar Buz Makinesi 300 kg/gün Kapasiteli,Eksik kategoriler: Ana Mutfak Ekipmanları > Buz Makinesi,Ana Mutfak Ekipmanları,"Ana Mutfak Ekipmanları, Tüm Ürünler, Brema Buz Makinesi"
31,G510A,Brema G 510 A Kar Buz Makinesi 500 kg/gün Kapasiteli,Eksik kategoriler: Ana Mutfak Ekipmanları > Buz Makinesi,Ana Mutfak Ekipmanları,"Ana Mutfak Ekipmanları, Tüm Ürünler, Brema Buz Makinesi"
32,GB1540A,Brema GB 1540 A HC Kar Buz Makinesi 175 kg/gün Kapasiteli,Eksik kategoriler: Ana Mutfak Ekipmanları > Buz Makinesi,Ana Mutfak Ekipmanları,"Ana Mutfak Ekipmanları, Tüm Ürünler, Brema Buz Makinesi"
33,GB902A,Brema GB 902 A HC Kar Buz Makinesi 125 kg/gün Kapasiteli,Eksik kategoriler: Ana Mutfak Ekipmanları > Buz Makinesi,Ana Mutfak Ekipmanları,"Ana Mutfak Ekipmanları, Tüm Ürünler, Brema Buz Makinesi"
34,IC18,"Brema IC 18 A HC Küp Buz Makinesi, 25 kg gün",Eksik kategoriler: Ana Mutfak Ekipmanları > Buz Makinesi,Ana Mutfak Ekipmanları,"Ana Mutfak Ekipmanları, Tüm Ürünler, Brema Buz Makinesi"
35,IC24,"Brema IC 24 A HC Küp Buz Makinesi, 30 kg/gün",Eksik kategoriler: Ana Mutfak Ekipmanları > Buz Makinesi,Ana Mutfak Ekipmanları,"Ana Mutfak Ekipmanları, Tüm Ürünler, Brema Buz Makinesi"
36,RB100,Brema RB 100 Buz Haznesi 108 kg Kapasiteli,Eksik kategoriler: Ana Mutfak Ekipmanları > Buz Makinesi,Ana Mutfak Ekipmanları,"Ana Mutfak Ekipmanları, Tüm Ürünler, Brema Buz Makinesi"
37,TB1404A,Brema TB 1404 A HC Granül Buz Makinesi 153 kg/gün Kapasiteli,Eksik kategoriler: Ana Mutfak Ekipmanları > Buz Makinesi,Ana Mutfak Ekipmanları,"Ana Mutfak Ekipmanları, Tüm Ürünler, Brema Buz Makinesi"
38,TB852A,Brema TB 852 A HC  Granül Buz Makinesi 105 kg/gün Kapasiteli,Eksik kategoriler: Ana Mutfak Ekipmanları > Buz Makinesi,Ana Mutfak Ekipmanları,"Ana Mutfak Ekipmanları, Tüm Ürünler, Brema Buz Makinesi"
39,TM.250A,Brema TM 250 A HC Granül Buz Makinesi 260 kg/gün Kapasiteli ,Eksik kategoriler: Ana Mutfak Ekipmanları > Buz Makinesi,Ana Mutfak Ekipmanları,"Ana Mutfak Ekipmanları, Tüm Ürünler, Brema Buz Makinesi"
40,TM.450,Brema TM 450 A HC Granül Buz Makinesi 420 kg/gün Kapasiteli,Eksik kategoriler: Ana Mutfak Ekipmanları > Buz Makinesi,Ana Mutfak Ekipmanları,"Ana Mutfak Ekipmanları, Tüm Ürünler, Brema Buz Makinesi"
41,VB250,"Brema VB250 A HC Hızlı Küp Buz Makinesi, 105 kg/gün",Eksik kategoriler: Ana Mutfak Ekipmanları > Buz Makinesi,Ana Mutfak Ekipmanları,"Ana Mutfak Ekipmanları, Tüm Ürünler, Brema Buz Makinesi"
42,VM1700,Brema VM 1700 A Buz Makinesi 770 kg/gün Kapasiteli,Eksik kategoriler: Ana Mutfak Ekipmanları > Buz Makinesi,Ana Mutfak Ekipmanları,"Ana Mutfak Ekipmanları, Tüm Ürünler, Brema Buz Makinesi"
43,VM350A,Brema VM 350 A Buz Makinesi 140 kg/gün Kapasiteli,Eksik kategoriler: Ana Mutfak Ekipmanları > Buz Makinesi,Ana Mutfak Ekipmanları,"Ana Mutfak Ekipmanları, Tüm Ürünler, Brema Buz Makinesi"
44,VM500A,Brema VM 500 A Buz Makinesi 200 kg/gün Kapasiteli,Eksik kategoriler: Ana Mutfak Ekipmanları > Buz Makinesi,Ana Mutfak Ekipmanları,"Ana Mutfak Ekipmanları, Tüm Ürünler, Brema Buz Makinesi"
45,VM900,Brema VM 900 A Buz Makinesi 400 kg/gün Kapasiteli,Eksik kategoriler: Ana Mutfak Ekipmanları > Buz Makinesi,Ana Mutfak Ekipmanları,"Ana Mutfak Ekipmanları, Tüm Ürünler, Brema Buz Makinesi"
46,,"CoffyTab A001-10 Kahve Değirmeni Temizleme Tozu, 150 gr",Ana kategori: Tum Urunler -> degistirilmeli,Tüm Ürünler,Tüm Ürünler
47,,Conti NG-X 2 Tam Otomatik Espresso Kahve Makinesi 2 Gruplu Dozaj Ayarlı Siyah,Ana kategori: Tum Urunler -> degistirilmeli,Tüm Ürünler,Tüm Ürünler
48,653585,Dito Sama Kazan Arabası 35x65x105 cm,Eksik kategoriler: Servis ve Teşhir Üniteleri > Çok Amaçlı Arabalar,_X_Çok Amaçlı Arab_0d87a2,"_X_Çok Amaçlı Arab_0d87a2, Tüm Ürünler, Servis ve Teşhir Üniteleri"
49,9805.0B140.SA,Hoshizaki Buz Haznesi B140-SA 140 kg,Eksik kategoriler: Ana Mutfak Ekipmanları > Buz Makinesi,Ana Mutfak Ekipmanları,"Ana Mutfak Ekipmanları, Tüm Ürünler, Endüstriyel Buz Makinesi"
50,9805.0B340.SA,Hoshizaki Buz Haznesi B340-SA 340 kg,Eksik kategoriler: Ana Mutfak Ekipmanları > Buz Makinesi,Ana Mutfak Ekipmanları,"Ana Mutfak Ekipmanları, Tüm Ürünler, Endüstriyel Buz Makinesi"
51,IM100.CNE.HC,"Hoshizaki IM-100CNE-HC Hazneli Küp Buz Makinesi, 95 kg/gün Kapasiteli",Eksik kategoriler: Ana Mutfak Ekipmanları > Buz Makinesi,Ana Mutfak Ekipmanları,"Ana Mutfak Ekipmanları, Tüm Ürünler, Endüstriyel Buz Makinesi"
52,9805.IM240A.NEH,Hoshizaki IM-240AN-EH Buz Makinesi 210 kg/gün,Eksik kategoriler: Ana Mutfak Ekipmanları > Buz Makinesi,Ana Mutfak Ekipmanları,"Ana Mutfak Ekipmanları, Tüm Ürünler, Endüstriyel Buz Makinesi"
53,9805.IM240D.NHC,Hoshizaki IM-240DNE-HC Küp Buz Makinesi 210 kg/gün,Eksik kategoriler: Ana Mutfak Ekipmanları > Buz Makinesi,Ana Mutfak Ekipmanları,"Ana Mutfak Ekipmanları, Tüm Ürünler, Endüstriyel Buz Makinesi"
54,9805.IM240X.NHC,Hoshizaki IM-240XNE-HC Küp Buz Makinesi 210 kg/gün,Eksik kategoriler: Ana Mutfak Ekipmanları > Buz Makinesi,Ana Mutfak Ekipmanları,"Ana Mutfak Ekipmanları, Tüm Ürünler, Endüstriyel Buz Makinesi"
55,9805.IM30CN.EHC,"Hoshizaki IM-30CNE-HC Küp Buz Makinesi, 30 kg/gün Kapasiteli",Eksik kategoriler: Ana Mutfak Ekipmanları > Buz Makinesi,Ana Mutfak Ekipmanları,"Ana Mutfak Ekipmanları, Tüm Ürünler, Endüstriyel Buz Makinesi"
56,9805.IM45N.EHC,"Hoshizaki IM-45CNE-HC Küp Buz Makinesi, 46 kg/gün Kapasiteli",Eksik kategoriler: Ana Mutfak Ekipmanları > Buz Makinesi,Ana Mutfak Ekipmanları,"Ana Mutfak Ekipmanları, Tüm Ürünler, Endüstriyel Buz Makinesi"
57,9805.IM65N.EHC,"Hoshizaki IM-65NE-HC Küp Buz Makinesi, 62 kg/gün Kapasiteli",Eksik kategoriler: Ana Mutfak Ekipmanları > Buz Makinesi,Ana Mutfak Ekipmanları,"Ana Mutfak Ekipmanları, Tüm Ürünler, Endüstriyel Buz Makinesi"
58,9805.00IMD.00,Hoshizaki TK-IMD2 Buz Makinesi Bağlantı Kiti,Eksik kategoriler: Ana Mutfak Ekipmanları > Buz Makinesi,Ana Mutfak Ekipmanları,"Ana Mutfak Ekipmanları, Tüm Ürünler, Endüstriyel Buz Makinesi"
59,,MAZZER Phılos Tek Doz Kahve Değirmeni,Ana kategori: Tum Urunler -> degistirilmeli,Tüm Ürünler,Tüm Ürünler
60,,Mazzer Kold S Elektronik Espresso Değirmeni,Ana kategori: Tum Urunler -> degistirilmeli,Tüm Ürünler,Tüm Ürünler
61,,Mazzer Kony S Elektronik Espresso Değirmeni ,Ana kategori: Tum Urunler -> degistirilmeli,Tüm Ürünler,Tüm Ürünler
62,,Mazzer Kony SG Elektronik Espresso Değirmeni,Ana kategori: Tum Urunler -> degistirilmeli,Tüm Ürünler,Tüm Ürünler
63,,Mazzer Lux Manuel Espresso Değirmeni,Ana kategori: Tum Urunler -> degistirilmeli,Tüm Ürünler,Tüm Ürünler
64,,Mazzer Major V Elektronıc Espresso Değirmeni ,Ana kategori: Tum Urunler -> degistirilmeli,Tüm Ürünler,Tüm Ürünler
65,,Mazzer Major VP Electronıc Espresso Değirmeni ,Ana kategori: Tum Urunler -> degistirilmeli,Tüm Ürünler,Tüm Ürünler
66,,Mazzer Mini Espresso Değirmeni,Ana kategori: Tum Urunler -> degistirilmeli,Tüm Ürünler,Tüm Ürünler
67,,Mazzer Omega El Değirmeni,Ana kategori: Tum Urunler -> degistirilmeli,Tüm Ürünler,Tüm Ürünler
68,,Mazzer Robur S Elektronik Espresso Değirmeni,Ana kategori: Tum Urunler -> degistirilmeli,Tüm Ürünler,Tüm Ürünler
69,,Mazzer Süper Jolly Grocery Kahve Değirmeni,Ana kategori: Tum Urunler -> degistirilmeli,Tüm Ürünler,Tüm Ürünler
70,,Mazzer Süper Jolly V Pro Elektronik Espresso Değirmeni ,Ana kategori: Tum Urunler -> degistirilmeli,Tüm Ürünler,Tüm Ürünler
71,,Mazzer Süper Jolly V Up Elektronik Espresso Değirmeni,Ana kategori: Tum Urunler -> degistirilmeli,Tüm Ürünler,Tüm Ürünler
72,,Mazzer ZM Elektronik Kahve Değirmeni,Ana kategori: Tum Urunler -> degistirilmeli,Tüm Ürünler,Tüm Ürünler
73,,Mazzer ZM Plus Elektronik Kahve Değirmeni,Ana kategori: Tum Urunler -> degistirilmeli,Tüm Ürünler,Tüm Ürünler
74,,Santos NO 01-Bar Kahve Değirmeni,Ana kategori: Tum Urunler -> degistirilmeli,Tüm Ürünler,Tüm Ürünler
75,,Santos NO 43 N Kahve Değirmeni,Ana kategori: Tum Urunler -> degistirilmeli,Tüm Ürünler,Tüm Ürünler
76,,Santos NO 63 Kahve Değirmeni,Ana kategori: Tum Urunler -> degistirilmeli,Tüm Ürünler,Tüm Ürünler
77,,Santos NO 76 Kahve Değirmeni,Ana kategori: Tum Urunler -> degistirilmeli,Tüm Ürünler,Tüm Ürünler
78,,Santos No 59 Espresso Değirmeni,Ana kategori: Tum Urunler -> degistirilmeli,Tüm Ürünler,Tüm Ürünler
79,,Santos No 67 Espresso Değirmeni,Ana kategori: Tum Urunler -> degistirilmeli,Tüm Ürünler,Tüm Ürünler
80,9805.SDE18.00,Simag SDE18 Küp Buz Makinesi 18 kg/gün,Eksik kategoriler: Ana Mutfak Ekipmanları > Buz Makinesi,Ana Mutfak Ekipmanları,"Ana Mutfak Ekipmanları, Tüm Ürünler, Endüstriyel Buz Makinesi"
81,9805.SDE220.00,Simag SDE220 Küp Buz Makinesi 215 Kg/Gün Kendinden Hazneli,Eksik kategoriler: Ana Mutfak Ekipmanları > Buz Makinesi,Ana Mutfak Ekipmanları,"Ana Mutfak Ekipmanları, Tüm Ürünler, Endüstriyel Buz Makinesi"
82,9805.SDE24.00,Simag SDE24 Küp Buz Makinesi 24 Kg/Gün,Eksik kategoriler: Ana Mutfak Ekipmanları > Buz Makinesi,Ana Mutfak Ekipmanları,"Ana Mutfak Ekipmanları, Tüm Ürünler, Endüstriyel Buz Makinesi"
83,9805.SDE30.00,Simag SDE30 Küp Buz Makinesi 30 Kg/Gün,Eksik kategoriler: Ana Mutfak Ekipmanları > Buz Makinesi,Ana Mutfak Ekipmanları,"Ana Mutfak Ekipmanları, Tüm Ürünler, Endüstriyel Buz Makinesi"
84,9805.SDE40.00,Simag SDE40 Küp Buz Makinesi 38 Kg/Gün,Eksik kategoriler: Ana Mutfak Ekipmanları > Buz Makinesi,Ana Mutfak Ekipmanları,"Ana Mutfak Ekipmanları, Tüm Ürünler, Endüstriyel Buz Makinesi"
85,9805.SDE50.00,Simag SDE50 Küp Buz Makinesi 47 Kg/Gün,Eksik kategoriler: Ana Mutfak Ekipmanları > Buz Makinesi,Ana Mutfak Ekipmanları,"Ana Mutfak Ekipmanları, Tüm Ürünler, Endüstriyel Buz Makinesi"
86,9805.SDE64.00,Simag SDE64 Küp Buz Makinesi 63 Kg/Gün,Eksik kategoriler: Ana Mutfak Ekipmanları > Buz Makinesi,Ana Mutfak Ekipmanları,"Ana Mutfak Ekipmanları, Tüm Ürünler, Endüstriyel Buz Makinesi"
87,9805.SDE84.00,Simag SDE84 Küp Buz Makinesi 82 Kg/Gün,Eksik kategoriler: Ana Mutfak Ekipmanları > Buz Makinesi,Ana Mutfak Ekipmanları,"Ana Mutfak Ekipmanları, Tüm Ürünler, Endüstriyel Buz Makinesi"
88,9805.SPN12.50,Simag SPN125 Kar Buz Makinesi 120 kg/gün,Eksik kategoriler: Ana Mutfak Ekipmanları > Buz Makinesi,Ana Mutfak Ekipmanları,"Ana Mutfak Ekipmanları, Tüm Ürünler, Endüstriyel Buz Makinesi"
89,9805.SPN25.50,Simag SPN255 Kar Buz Makinesi 200 kg/gün,Eksik kategoriler: Ana Mutfak Ekipmanları > Buz Makinesi,Ana Mutfak Ekipmanları,"Ana Mutfak Ekipmanları, Tüm Ürünler, Endüstriyel Buz Makinesi"
90,9805.SPN40.50,Simag SPN405 Kar Buz Makinesi 320 kg/gün,Eksik kategoriler: Ana Mutfak Ekipmanları > Buz Makinesi,Ana Mutfak Ekipmanları,"Ana Mutfak Ekipmanları, Tüm Ürünler, Endüstriyel Buz Makinesi"
91,9912.SPR80.00,Simag SPR80 Kar Buz Makinesi 70 kg/gün,Eksik kategoriler: Ana Mutfak Ekipmanları > Buz Makinesi,Ana Mutfak Ekipmanları,"Ana Mutfak Ekipmanları, Tüm Ürünler, Endüstriyel Buz Makinesi"
92,9805.SV145.00,Simag SV145 Küp Buz Makinesi 154 kg/gün,Eksik kategoriler: Ana Mutfak Ekipmanları > Buz Makinesi,Ana Mutfak Ekipmanları,"Ana Mutfak Ekipmanları, Tüm Ürünler, Endüstriyel Buz Makinesi"
93,9805.SV225.00,Simag SV225 Küp Buz Makinesi 240 kg/gün,Eksik kategoriler: Ana Mutfak Ekipmanları > Buz Makinesi,Ana Mutfak Ekipmanları,"Ana Mutfak Ekipmanları, Tüm Ürünler, Endüstriyel Buz Makinesi"
94,9805.SV325.00,Simag SV325 Küp Buz Makinesi 320 kg/gün,Eksik kategoriler: Ana Mutfak Ekipmanları > Buz Makinesi,Ana Mutfak Ekipmanları,"Ana Mutfak Ekipmanları, Tüm Ürünler, Endüstriyel Buz Makinesi"
95,9805.SV545.00,Simag SV545 Küp Buz Makinesi 465 Kg/Gün,Eksik kategoriler: Ana Mutfak Ekipmanları > Buz Makinesi,Ana Mutfak Ekipmanları,"Ana Mutfak Ekipmanları, Tüm Ürünler, Endüstriyel Buz Makinesi"
96,,Vitrifrigo FG10i DGT Süt Soğutucu Dolap 4 LT,Ana kategori: Tum Urunler -> degistirilmeli,Tüm Ürünler,Tüm Ürünler
97,,"Vitrifrigo FG20i DGT Süt Soğutucu Dolap 2x7,5 LT",Ana kategori: Tum Urunler -> degistirilmeli,Tüm Ürünler,Tüm Ürünler
98,,"Vitrifriho FG16i DGT Süt Soğutucu Dolap 2x4,5 LT",Ana kategori: Tum Urunler -> degistirilmeli,Tüm Ürünler,Tüm Ürünler
99,VHZB-12C,"Vosco Buz Makinesi 12 Kg Set Üstü, Gri",Eksik kategoriler: Ana Mutfak Ekipmanları > Buz Makinesi,Ana Mutfak Ekipmanları,"Ana Mutfak Ekipmanları, Tüm Ürünler, Endüstriyel Buz Makinesi"
100,VHZB-12CK,"Vosco Buz Makinesi 12 Kg Set Üstü, Kırmızı",Eksik kategoriler: Ana Mutfak Ekipmanları > Buz Makinesi,Ana Mutfak Ekipmanları,"Ana Mutfak Ekipmanları, Tüm Ürünler, Endüstriyel Buz Makinesi"
101,VHZB-12CS,"Vosco Buz Makinesi 12 Kg Set Üstü, Siyah",Eksik kategoriler: Ana Mutfak Ekipmanları > Buz Makinesi,Ana Mutfak Ekipmanları,"Ana Mutfak Ekipmanları, Tüm Ürünler, Endüstriyel Buz Makinesi"
102,Vsc-23C,Vosco Buz Makinesi 23 Kg Kapasiteli Vsc-23C,Eksik kategoriler: Ana Mutfak Ekipmanları > Buz Makinesi,Ana Mutfak Ekipmanları,"Ana Mutfak Ekipmanları, Tüm Ürünler, Endüstriyel Buz Makinesi"
103,Vsc-23C-G,Vosco Buz Makinesi 23 Kg Kapasiteli Vsc-23C Gold,Eksik kategoriler: Ana Mutfak Ekipmanları > Buz Makinesi,Ana Mutfak Ekipmanları,"Ana Mutfak Ekipmanları, Tüm Ürünler, Endüstriyel Buz Makinesi"
104,VSC-35C,Vosco Buz Makinesi 35 Kg/Gün Gurme VSC-35C,Eksik kategoriler: Ana Mutfak Ekipmanları > Buz Makinesi,Ana Mutfak Ekipmanları,"Ana Mutfak Ekipmanları, Tüm Ürünler, Endüstriyel Buz Makinesi"
105,VHZB-20A,"Vosco VHZB-20A Set Üstü Buz Makinesi, 20 kg/gün",Eksik kategoriler: Ana Mutfak Ekipmanları > Buz Makinesi,Ana Mutfak Ekipmanları,"Ana Mutfak Ekipmanları, Tüm Ürünler, Endüstriyel Buz Makinesi"
106,,"Vosco VLJH-12 Meyve Suyu Dispanseri, 12 lt",Ana kategori: Tum Urunler -> degistirilmeli,Tüm Ürünler,"Tüm Ürünler, Fırsat Reyonu"
107,,"Vosco VLJH-20 Meyve Suyu Dispanseri, 20 lt",Ana kategori: Tum Urunler -> degistirilmeli,Tüm Ürünler,"Tüm Ürünler, Fırsat Reyonu"
108,VCS-150C,Vosco VSC-150C Aura Seri Buz Makinesi 150 kg/gün Kapasiteli,Eksik kategoriler: Ana Mutfak Ekipmanları > Buz Makinesi,Ana Mutfak Ekipmanları,"Ana Mutfak Ekipmanları, Tüm Ürünler, Endüstriyel Buz Makinesi"
109,VCS-200C,Vosco VSC-200C Aura Seri Buz Makinesi 200 kg/gün Kapasiteli,Eksik kategoriler: Ana Mutfak Ekipmanları > Buz Makinesi,Ana Mutfak Ekipmanları,"Ana Mutfak Ekipmanları, Tüm Ürünler, Endüstriyel Buz Makinesi"
110,VCS-250C,Vosco VSC-250C Aura Seri Buz Makinesi 250 kg/gün Kapasiteli,Eksik kategoriler: Ana Mutfak Ekipmanları > Buz Makinesi,Ana Mutfak Ekipmanları,"Ana Mutfak Ekipmanları, Tüm Ürünler, Endüstriyel Buz Makinesi"
111,VSC-25C,Vosco VSC-25C Aura Seri Tezgahaltı Buz Makinesi 25 kg/gün Kapasiteli,Eksik kategoriler: Ana Mutfak Ekipmanları > Buz Makinesi,Ana Mutfak Ekipmanları,"Ana Mutfak Ekipmanları, Tüm Ürünler, Endüstriyel Buz Makinesi"
112,VSC-40C,Vosco VSC-40C Aura Seri Tezgahaltı Buz Makinesi 40 kg/gün Kapasiteli,Eksik kategoriler: Ana Mutfak Ekipmanları > Buz Makinesi,Ana Mutfak Ekipmanları,"Ana Mutfak Ekipmanları, Tüm Ürünler, Endüstriyel Buz Makinesi"
113,VSC-45/S,Vosco VSC-45/S  Profesyonel 45 Kg/Gün Küp Buz Makinesi,Eksik kategoriler: Ana Mutfak Ekipmanları > Buz Makinesi,Ana Mutfak Ekipmanları,"Ana Mutfak Ekipmanları, Tüm Ürünler, Endüstriyel Buz Makinesi"
114,VSC-65/S,Vosco VSC-65/S  Profesyonel 65 Kg/Gün Küp Buz Makinesi,Eksik kategoriler: Ana Mutfak Ekipmanları > Buz Makinesi,Ana Mutfak Ekipmanları,"Ana Mutfak Ekipmanları, Tüm Ürünler, Endüstriyel Buz Makinesi"
115,VCSB-100C,Vosco VSCB-100C Aura Seri Küp Buz Makinesi 100 kg/gün Kapasiteli,Eksik kategoriler: Ana Mutfak Ekipmanları > Buz Makinesi,Ana Mutfak Ekipmanları,"Ana Mutfak Ekipmanları, Tüm Ürünler, Endüstriyel Buz Makinesi"
116,VCSB-100T,Vosco VSCB-100T Gurme Seri Parmak Buz Makinesi 100 kg/gün Kapasiteli,Eksik kategoriler: Ana Mutfak Ekipmanları > Buz Makinesi,Ana Mutfak Ekipmanları,"Ana Mutfak Ekipmanları, Tüm Ürünler, Endüstriyel Buz Makinesi"
117,VCSB-120C,Vosco VSCB-120C Aura Seri Tezgahaltı Buz Makinesi 120 kg/gün,Eksik kategoriler: Ana Mutfak Ekipmanları > Buz Makinesi,Ana Mutfak Ekipmanları,"Ana Mutfak Ekipmanları, Tüm Ürünler, Endüstriyel Buz Makinesi"
118,2864.N1.90122.IZ,Çubuk Izgara Yeni 900 120X90 Döküm Izgara İçin 515X540X20,Eksik kategoriler: Ana Mutfak Ekipmanları > 900 Seri | Ana Mutfak Ekipmanları > 900 Seri > Izgaralar,Ana Mutfak Ekipmanları,"Ana Mutfak Ekipmanları, Tüm Ürünler"
119,2864.N1.90802.IZ,Çubuk Izgara Yeni 900 80x90 Döküm Izgara İçin 650x540x20 Cm,Eksik kategoriler: Ana Mutfak Ekipmanları > 900 Seri | Ana Mutfak Ekipmanları > 900 Seri > Izgaralar,Ana Mutfak Ekipmanları,"Ana Mutfak Ekipmanları, Tüm Ürünler"
120,8959.160PM.96,Öztiryakiler 160PM 96 Katlı Tabak Taşıma Arabası İkili,Eksik kategoriler: Servis ve Teşhir Üniteleri > Çok Amaçlı Arabalar,_X_Çok Amaçlı Arab_0d87a2,"_X_Çok Amaçlı Arab_0d87a2, Tüm Ürünler, Servis ve Teşhir Üniteleri"
121,8959.170PM.120,"Öztiryakiler 170PM 120 Katlı Tabak Taşıma Arabası, İkili",Eksik kategoriler: Servis ve Teşhir Üniteleri > Çok Amaçlı Arabalar,_X_Çok Amaçlı Arab_0d87a2,"_X_Çok Amaçlı Arab_0d87a2, Tüm Ürünler, Servis ve Teşhir Üniteleri"
122,26158,Öztiryakiler 180PM 168 Katlı Tabak Taşıma Arabası İkili,Eksik kategoriler: Servis ve Teşhir Üniteleri > Çok Amaçlı Arabalar,_X_Çok Amaçlı Arab_0d87a2,"_X_Çok Amaçlı Arab_0d87a2, Tüm Ürünler, Servis ve Teşhir Üniteleri"
123,8740.0BY09.00,Öztiryakiler 3x3 Bolmeli Yukseltici,Ana kategori: Tum Urunler -> degistirilmeli + Eksik kategoriler: Bulaşıkhane Ekipmanları > Bulaşık Makinesi Basketleri,Tüm Ürünler,"Tüm Ürünler, Bulaşıkhane Ekipmanları"
124,8740.0BB09.00,Öztiryakiler 3x3 Bölmeli Bardak Basketi,Ana kategori: Tum Urunler -> degistirilmeli + Eksik kategoriler: Bulaşıkhane Ekipmanları > Bulaşık Makinesi Basketleri,Tüm Ürünler,"Tüm Ürünler, Bulaşıkhane Ekipmanları"
125,8740.0bB16.00,Öztiryakiler 4x4 Bölmeli Bardak Basketi,Ana kategori: Tum Urunler -> degistirilmeli + Eksik kategoriler: Bulaşıkhane Ekipmanları > Bulaşık Makinesi Basketleri,Tüm Ürünler,"Tüm Ürünler, Bulaşıkhane Ekipmanları"
126,8740.0BY16.00,Öztiryakiler 4x4 Bölmeli Yükseltici,Ana kategori: Tum Urunler -> degistirilmeli + Eksik kategoriler: Bulaşıkhane Ekipmanları > Bulaşık Makinesi Basketleri,Tüm Ürünler,"Tüm Ürünler, Bulaşıkhane Ekipmanları"
127,8740.0BB25.00,Öztiryakiler 5x5 Bölmeli Bardak Basketi,Ana kategori: Tum Urunler -> degistirilmeli + Eksik kategoriler: Bulaşıkhane Ekipmanları > Bulaşık Makinesi Basketleri,Tüm Ürünler,"Tüm Ürünler, Bulaşıkhane Ekipmanları"
128,8740.0BY25.00,Öztiryakiler 5x5 Bölmeli Yükseltici,Ana kategori: Tum Urunler -> degistirilmeli + Eksik kategoriler: Bulaşıkhane Ekipmanları > Bulaşık Makinesi Basketleri,Tüm Ürünler,"Tüm Ürünler, Bulaşıkhane Ekipmanları"
129,8740.0BB36.00,Öztiryakiler 6x6 Bölmeli Bardak Basketi,Ana kategori: Tum Urunler -> degistirilmeli + Eksik kategoriler: Bulaşıkhane Ekipmanları > Bulaşık Makinesi Basketleri,Tüm Ürünler,"Tüm Ürünler, Bulaşıkhane Ekipmanları"
130,8740.0BY36.00,Öztiryakiler 6x6 Bölmeli Yükseltici,Ana kategori: Tum Urunler -> degistirilmeli + Eksik kategoriler: Bulaşıkhane Ekipmanları > Bulaşık Makinesi Basketleri,Tüm Ürünler,"Tüm Ürünler, Bulaşıkhane Ekipmanları"
131,7867.N1.80708.04,Öztiryakiler 700 Seri Devrilir Tava 50 Lt Gazlı 80*70*85-Elektronik Ateşleme,Eksik kategoriler: Ana Mutfak Ekipmanları > 700 Seri | Ana Mutfak Ekipmanları > 700 Seri > Devrilir Tavalar,Ana Mutfak Ekipmanları,"Ana Mutfak Ekipmanları, Tüm Ürünler"
132,7867.N1.80708.01,Öztiryakiler 700 Seri Devrilir Tava Elektrikli 50 Lt 80*70*85,Eksik kategoriler: Ana Mutfak Ekipmanları > 700 Seri | Ana Mutfak Ekipmanları > 700 Seri > Devrilir Tavalar,Ana Mutfak Ekipmanları,"Ana Mutfak Ekipmanları, Tüm Ürünler"
133,7855.N1.80708.14,Öztiryakiler 700 Seri Kaynatma Tenceresi Direkt Gazlı 60 Lt 80*70*85,Eksik kategoriler: Ana Mutfak Ekipmanları > 700 Seri > Kaynatma Tencereleri | Ana Mutfak Ekipmanları > 700 Seri,Ana Mutfak Ekipmanları,"Ana Mutfak Ekipmanları, Tüm Ürünler"
134,7855.N1.80708.01,Öztiryakiler 700 Seri Kaynatma Tenceresi İndirekt Elektrikli 60 Lt 80*70*85,Eksik kategoriler: Ana Mutfak Ekipmanları > 700 Seri > Kaynatma Tencereleri | Ana Mutfak Ekipmanları > 700 Seri,Ana Mutfak Ekipmanları,"Ana Mutfak Ekipmanları, Tüm Ürünler"
135,7855.N1.80708.04,Öztiryakiler 700 Seri Kaynatma Tenceresi İndirekt Gazlı 60 Lt 80*70*85,Eksik kategoriler: Ana Mutfak Ekipmanları > 700 Seri > Kaynatma Tencereleri | Ana Mutfak Ekipmanları > 700 Seri,Ana Mutfak Ekipmanları,"Ana Mutfak Ekipmanları, Tüm Ürünler"
136,7865.N1.12708.50L,Öztiryakiler 700 Seri Kuzine Büyük Fırınlı Gazlı 6 Açık Ateş 120*70*85 (L)-6x6 kW+13 kW Gazlı Fırın,Eksik kategoriler: Ana Mutfak Ekipmanları > 700 Seri > Fırınlı Kuzineler | Ana Mutfak Ekipmanları > 700 Seri,Ana Mutfak Ekipmanları,"Ana Mutfak Ekipmanları, Tüm Ürünler"
137,7865.N1.12708.50LP,"Öztiryakiler 700 Seri Kuzine Büyük Fırınlı Gazlı 6 Açık Ateş 120*70*85 (LP)-3x6 Kw+3x7,5 kW+13 kW Gazlı Fırın",Eksik kategoriler: Ana Mutfak Ekipmanları > 700 Seri > Fırınlı Kuzineler | Ana Mutfak Ekipmanları > 700 Seri,Ana Mutfak Ekipmanları,"Ana Mutfak Ekipmanları, Tüm Ürünler"
138,7865.N1.12708.50LS,"Öztiryakiler 700 Seri Kuzine Büyük Fırınlı Gazlı 6 Açık Ateş 120*70*85 (LS)-6x7,5 kW+13 kW Gazlı Fırın",Eksik kategoriler: Ana Mutfak Ekipmanları > 700 Seri > Fırınlı Kuzineler | Ana Mutfak Ekipmanları > 700 Seri,Ana Mutfak Ekipmanları,"Ana Mutfak Ekipmanları, Tüm Ürünler"
139,7865.N1.80708.10ELS,Öztiryakiler 700 Seri Kuzine Fırınlı 4 Açık Ateş 80*70*85 Elektrikli Fırın,Eksik kategoriler: Ana Mutfak Ekipmanları > 700 Seri > Fırınlı Kuzineler | Ana Mutfak Ekipmanları > 700 Seri,Ana Mutfak Ekipmanları,"Ana Mutfak Ekipmanları, Tüm Ürünler"
140,7865.N1.80708.02,Öztiryakiler 700 Seri Kuzine Fırınlı Elektrikli 4 Yuvarlak Büyük Plate 80*70*85,Eksik kategoriler: Ana Mutfak Ekipmanları > 700 Seri > Fırınlı Kuzineler | Ana Mutfak Ekipmanları > 700 Seri,Ana Mutfak Ekipmanları,"Ana Mutfak Ekipmanları, Tüm Ürünler"
141,7865.N1.12708.12L,Öztiryakiler 700 Seri Kuzine Fırınlı Gazlı 4 Açık Ateş +1/3 Kapalı Döküm 120*70*85 (L),Eksik kategoriler: Ana Mutfak Ekipmanları > 700 Seri > Fırınlı Kuzineler | Ana Mutfak Ekipmanları > 700 Seri,Ana Mutfak Ekipmanları,"Ana Mutfak Ekipmanları, Tüm Ürünler"
142,7865.N1.80708.10ELP,Öztiryakiler 700 Seri Kuzine Fırınlı Gazlı 4 Açık Ateş 80*70*85  Elektrikli Fırın,Eksik kategoriler: Ana Mutfak Ekipmanları > 700 Seri > Fırınlı Kuzineler | Ana Mutfak Ekipmanları > 700 Seri,Ana Mutfak Ekipmanları,"Ana Mutfak Ekipmanları, Tüm Ürünler"
143,7865.N1.80708.10EL,Öztiryakiler 700 Seri Kuzine Fırınlı Gazlı 4 Açık Ateş 80*70*85 (L)-4x6kW+6kW Elektrikli Fırın,Eksik kategoriler: Ana Mutfak Ekipmanları > 700 Seri > Fırınlı Kuzineler | Ana Mutfak Ekipmanları > 700 Seri,Ana Mutfak Ekipmanları,"Ana Mutfak Ekipmanları, Tüm Ürünler"
144,7865.N1.80708.10L,Öztiryakiler 700 Seri Kuzine Fırınlı Gazlı 4 Açık Ateş 80*70*85 (L)-4x6kW+7kW Fırın Gazlı,Eksik kategoriler: Ana Mutfak Ekipmanları > 700 Seri > Fırınlı Kuzineler | Ana Mutfak Ekipmanları > 700 Seri,Ana Mutfak Ekipmanları,"Ana Mutfak Ekipmanları, Tüm Ürünler"
145,7865.N1.80708.10LP,"Öztiryakiler 700 Seri Kuzine Fırınlı Gazlı 4 Açık Ateş 80*70*85 (LP)-2x6kW+2x7,5kW+7kW Fırın Gazlı",Eksik kategoriler: Ana Mutfak Ekipmanları > 700 Seri > Fırınlı Kuzineler | Ana Mutfak Ekipmanları > 700 Seri,Ana Mutfak Ekipmanları,"Ana Mutfak Ekipmanları, Tüm Ürünler"
146,7865.N1.80708.10LS,Öztiryakiler 700 Seri Kuzine Fırınlı Gazlı 4 Açık Ateş 80*70*85 Gazlı Fırın,Eksik kategoriler: Ana Mutfak Ekipmanları > 700 Seri > Fırınlı Kuzineler | Ana Mutfak Ekipmanları > 700 Seri,Ana Mutfak Ekipmanları,"Ana Mutfak Ekipmanları, Tüm Ürünler"
147,7865.N1.12708.10LP,"Öztiryakiler 700 Seri Kuzine Fırınlı Gazlı 6 Açık Ateş 120x70x85 (Lp)-3x6 Kw 3x7,5 Kw 7 Kw Gazlı Fırın",Eksik kategoriler: Ana Mutfak Ekipmanları > 700 Seri > Fırınlı Kuzineler | Ana Mutfak Ekipmanları > 700 Seri,Ana Mutfak Ekipmanları,"Ana Mutfak Ekipmanları, Tüm Ürünler"
148,7865.N1.12708.10L,Öztiryakiler 700 Seri Kuzine Fırınlı Gazlı 6 Açık Ateş 120x70x85 (Ls)-6x6 Kw 7 Kw Gazlı Fırın,Eksik kategoriler: Ana Mutfak Ekipmanları > 700 Seri > Fırınlı Kuzineler | Ana Mutfak Ekipmanları > 700 Seri,Ana Mutfak Ekipmanları,"Ana Mutfak Ekipmanları, Tüm Ürünler"
149,7865.N1.12708.10LS,"Öztiryakiler 700 Seri Kuzine Fırınlı Gazlı 6 Açık Ateş 120x70x85 (Ls)-6x7,5 Kw 7 Kw Gazlı Fırın",Eksik kategoriler: Ana Mutfak Ekipmanları > 700 Seri > Fırınlı Kuzineler | Ana Mutfak Ekipmanları > 700 Seri,Ana Mutfak Ekipmanları,"Ana Mutfak Ekipmanları, Tüm Ürünler"
150,7864.N1.12703.72,Öztiryakiler 700 Seri ODG 12070 E V2 Döküm Izgara 120x70x30 cm Gazlı,Eksik kategoriler: Ana Mutfak Ekipmanları > 700 Seri > Izgaralar | Ana Mutfak Ekipmanları > 700 Seri,Dönerci Ekipmanları,"Dönerci Ekipmanları, Ana Mutfak Ekipmanları, Tüm Ürünler"
151,7864.N1.40703.72,Öztiryakiler 700 Seri ODG 4070 V2 Döküm Izgara 40x70x30 cm Gazlı,Eksik kategoriler: Ana Mutfak Ekipmanları > 700 Seri > Izgaralar | Ana Mutfak Ekipmanları > 700 Seri,Dönerci Ekipmanları,"Dönerci Ekipmanları, Ana Mutfak Ekipmanları, Tüm Ürünler"
152,7864.N1.80703.72,Öztiryakiler 700 Seri ODG 8070 E V2 Döküm Izgara 80x70x30 cm Gazlı,Eksik kategoriler: Ana Mutfak Ekipmanları > 700 Seri > Izgaralar | Ana Mutfak Ekipmanları > 700 Seri,Dönerci Ekipmanları,"Dönerci Ekipmanları, Ana Mutfak Ekipmanları, Tüm Ürünler"
153,7865.N1.40703.33LP,Öztiryakiler 700 Seri OSOG 4070 LP Set Üstü Ocak İkili 40x70x28 cm,Eksik kategoriler: Ana Mutfak Ekipmanları > 700 Seri > Ocaklar | Ana Mutfak Ekipmanları > 700 Seri,Dönerci Ekipmanları,"Dönerci Ekipmanları, Ana Mutfak Ekipmanları, Tüm Ürünler"
154,7865.N1.40703.33LS,Öztiryakiler 700 Seri OSOG 4070 LS Set Üstü Ocak İkili 40x70x28 cm Gazlı,Eksik kategoriler: Ana Mutfak Ekipmanları > 700 Seri > Ocaklar | Ana Mutfak Ekipmanları > 700 Seri,Dönerci Ekipmanları,"Dönerci Ekipmanları, Ana Mutfak Ekipmanları, Tüm Ürünler"
155,7865.N1.80703.35LP,Öztiryakiler 700 Seri OSOG 8070 LP Dörtlü Set Üstü Ocak 80x70x28 cm Gazlı,Eksik kategoriler: Ana Mutfak Ekipmanları > 700 Seri > Ocaklar | Ana Mutfak Ekipmanları > 700 Seri,Dönerci Ekipmanları,"Dönerci Ekipmanları, Ana Mutfak Ekipmanları, Tüm Ürünler"
156,7865.N1.80703.35LS,Öztiryakiler 700 Seri OSOG 8070 LS Dörtlü Set Üstü Ocak 80x70x28 cm Gazlı,Eksik kategoriler: Ana Mutfak Ekipmanları > 700 Seri > Ocaklar | Ana Mutfak Ekipmanları > 700 Seri,Dönerci Ekipmanları,"Dönerci Ekipmanları, Ana Mutfak Ekipmanları, Tüm Ürünler"
157,7876.N1.40705.00,Öztiryakiler 700 Seri Set Altı Dolap 40 Lık,Eksik kategoriler: Ana Mutfak Ekipmanları > 700 Seri > Set Altı Dolaplar | Ana Mutfak Ekipmanları > 700 Seri,Ana Mutfak Ekipmanları,"Ana Mutfak Ekipmanları, Tüm Ürünler"
158,7876.N1.80705.00,Öztiryakiler 700 Seri Set Altı Dolap 80 Lik,Eksik kategoriler: Ana Mutfak Ekipmanları > 700 Seri > Set Altı Dolaplar | Ana Mutfak Ekipmanları > 700 Seri,Ana Mutfak Ekipmanları,"Ana Mutfak Ekipmanları, Tüm Ürünler"
159,7911.N1.40703.00,Öztiryakiler 700 Seri Set Üstü Ara Tezgah 40*70*30,Eksik kategoriler: Ana Mutfak Ekipmanları > 700 Seri > Ara Tezgahlar | Ana Mutfak Ekipmanları > 700 Seri,Ana Mutfak Ekipmanları,"Ana Mutfak Ekipmanları, Tüm Ürünler"
160,7911.N1.80703.00,Öztiryakiler 700 Seri Set Üstü Ara Tezgah 80*70*30,Eksik kategoriler: Ana Mutfak Ekipmanları > 700 Seri > Ara Tezgahlar | Ana Mutfak Ekipmanları > 700 Seri,Ana Mutfak Ekipmanları,"Ana Mutfak Ekipmanları, Tüm Ürünler"
161,7854.N1.40703.11,Öztiryakiler 700 Seri Set Üstü Bain Marie Elektrikli 40*70*30-Gn Kaplar Hariç,Eksik kategoriler: Ana Mutfak Ekipmanları > 700 Seri > Bain Marie | Ana Mutfak Ekipmanları > 700 Seri,Dönerci Ekipmanları,"Dönerci Ekipmanları, Ana Mutfak Ekipmanları, Tüm Ürünler"
162,7854.N1.80703.11,Öztiryakiler 700 Seri Set Üstü Bain Marie Elektrikli 80*70*30,Eksik kategoriler: Ana Mutfak Ekipmanları > 700 Seri > Bain Marie | Ana Mutfak Ekipmanları > 700 Seri,Dönerci Ekipmanları,"Dönerci Ekipmanları, Ana Mutfak Ekipmanları, Tüm Ürünler"
163,7854.N1.40703.13,Öztiryakiler 700 Seri Set Üstü Bain Marie Gazlı 40*70*30-Gn Kaplar Hariç,Eksik kategoriler: Ana Mutfak Ekipmanları > 700 Seri > Bain Marie | Ana Mutfak Ekipmanları > 700 Seri,Dönerci Ekipmanları,"Dönerci Ekipmanları, Ana Mutfak Ekipmanları, Tüm Ürünler"
164,7854.N1.80703.13,Öztiryakiler 700 Seri Set Üstü Bain Marie Gazlı 80*70*30-Gn Kaplar Hariç,Eksik kategoriler: Ana Mutfak Ekipmanları > 700 Seri > Bain Marie | Ana Mutfak Ekipmanları > 700 Seri,Dönerci Ekipmanları,"Dönerci Ekipmanları, Ana Mutfak Ekipmanları, Tüm Ürünler"
165,7865.N1.80703.14,Öztiryakiler 700 Seri Set Üstü Dörtlü Ocak Elektrikli 80*70*30,Eksik kategoriler: Ana Mutfak Ekipmanları > 700 Seri > Ocaklar | Ana Mutfak Ekipmanları > 700 Seri,Dönerci Ekipmanları,"Dönerci Ekipmanları, Ana Mutfak Ekipmanları, Tüm Ürünler"
166,7865.N1.80703.35L,Öztiryakiler 700 Seri Set Üstü Dörtlü Ocak Gazlı 80*70*30,Eksik kategoriler: Ana Mutfak Ekipmanları > 700 Seri > Ocaklar | Ana Mutfak Ekipmanları > 700 Seri,Dönerci Ekipmanları,"Dönerci Ekipmanları, Ana Mutfak Ekipmanları, Tüm Ürünler"
167,7856.N1.40703.11,Öztiryakiler 700 Seri Set Üstü Fritöz Elektrikli 40*70*30,Eksik kategoriler: Ana Mutfak Ekipmanları > 700 Seri > Fritözler | Ana Mutfak Ekipmanları > 700 Seri,Dönerci Ekipmanları,"Dönerci Ekipmanları, Ana Mutfak Ekipmanları, Tüm Ürünler, Patates Kızartma Makineleri"
168,7856.N1.80703.11,Öztiryakiler 700 Seri Set Üstü Fritöz Elektrikli 80*70*30,Eksik kategoriler: Ana Mutfak Ekipmanları > 700 Seri > Fritözler | Ana Mutfak Ekipmanları > 700 Seri,Dönerci Ekipmanları,"Dönerci Ekipmanları, Ana Mutfak Ekipmanları, Tüm Ürünler, Fırsat Reyonu, Patates Kızartma Makineleri"
169,7856.N1.40703.03,Öztiryakiler 700 Seri Set Üstü Fritöz Gazlı 40*70*30,Eksik kategoriler: Ana Mutfak Ekipmanları > 700 Seri > Fritözler | Ana Mutfak Ekipmanları > 700 Seri,Dönerci Ekipmanları,"Dönerci Ekipmanları, Ana Mutfak Ekipmanları, Tüm Ürünler, Patates Kızartma Makineleri"
170,7856.N1.80703.13,Öztiryakiler 700 Seri Set Üstü Fritöz Gazlı 80*70*30,Eksik kategoriler: Ana Mutfak Ekipmanları > 700 Seri > Fritözler | Ana Mutfak Ekipmanları > 700 Seri,Dönerci Ekipmanları,"Dönerci Ekipmanları, Ana Mutfak Ekipmanları, Tüm Ürünler, Patates Kızartma Makineleri"
171,7864.N1.40703.04,Öztiryakiler 700 Seri Set Üstü Grill Plate Düz Elektrikli 40*70*30,Eksik kategoriler: Ana Mutfak Ekipmanları > 700 Seri > Izgaralar | Ana Mutfak Ekipmanları > 700 Seri,Ana Mutfak Ekipmanları,"Ana Mutfak Ekipmanları, Tüm Ürünler"
172,7864.N1.80703.17,Öztiryakiler 700 Seri Set Üstü Grill Plate Düz Elektrikli 80*70*30,Eksik kategoriler: Ana Mutfak Ekipmanları > 700 Seri > Izgaralar | Ana Mutfak Ekipmanları > 700 Seri,Ana Mutfak Ekipmanları,"Ana Mutfak Ekipmanları, Tüm Ürünler"
173,7864.N1.40703.06,Öztiryakiler 700 Seri Set Üstü Grill Plate Düz Gazlı 40*70*30,Eksik kategoriler: Ana Mutfak Ekipmanları > 700 Seri > Izgaralar | Ana Mutfak Ekipmanları > 700 Seri,Ana Mutfak Ekipmanları,"Ana Mutfak Ekipmanları, Tüm Ürünler"
174,7864.N1.80703.19,Öztiryakiler 700 Seri Set Üstü Grill Plate Düz Gazlı 80*70*30,Eksik kategoriler: Ana Mutfak Ekipmanları > 700 Seri > Izgaralar | Ana Mutfak Ekipmanları > 700 Seri,Ana Mutfak Ekipmanları,"Ana Mutfak Ekipmanları, Tüm Ürünler"
175,7864.N1.40703.01,Öztiryakiler 700 Seri Set Üstü Grill Plate Oluklu Elektrikli 40*70*30,Eksik kategoriler: Ana Mutfak Ekipmanları > 700 Seri > Izgaralar | Ana Mutfak Ekipmanları > 700 Seri,Ana Mutfak Ekipmanları,"Ana Mutfak Ekipmanları, Tüm Ürünler"
176,7864.N1.80703.11,Öztiryakiler 700 Seri Set Üstü Grill Plate Oluklu Elektrikli 80*70*30,Eksik kategoriler: Ana Mutfak Ekipmanları > 700 Seri > Izgaralar | Ana Mutfak Ekipmanları > 700 Seri,Ana Mutfak Ekipmanları,"Ana Mutfak Ekipmanları, Tüm Ürünler"
177,7864.N1.40703.03,Öztiryakiler 700 Seri Set Üstü Grill Plate Oluklu Gazlı 40*70*30,Eksik kategoriler: Ana Mutfak Ekipmanları > 700 Seri > Izgaralar | Ana Mutfak Ekipmanları > 700 Seri,Ana Mutfak Ekipmanları,"Ana Mutfak Ekipmanları, Tüm Ürünler"
178,7864.N1.80703.13,Öztiryakiler 700 Seri Set Üstü Grill Plate Oluklu Gazlı 80*70*30,Eksik kategoriler: Ana Mutfak Ekipmanları > 700 Seri > Izgaralar | Ana Mutfak Ekipmanları > 700 Seri,Ana Mutfak Ekipmanları,"Ana Mutfak Ekipmanları, Tüm Ürünler"
179,7864.N1.80703.14,Öztiryakiler 700 Seri Set Üstü Grill Plate Yarı Oluklu Elektrikli 80*70*30,Eksik kategoriler: Ana Mutfak Ekipmanları > 700 Seri > Izgaralar | Ana Mutfak Ekipmanları > 700 Seri,Ana Mutfak Ekipmanları,"Ana Mutfak Ekipmanları, Tüm Ürünler"
180,7864.N1.80703.16,Öztiryakiler 700 Seri Set Üstü Grill Plate Yarı Oluklu Gazlı 80*70*30,Eksik kategoriler: Ana Mutfak Ekipmanları > 700 Seri > Izgaralar | Ana Mutfak Ekipmanları > 700 Seri,Ana Mutfak Ekipmanları,"Ana Mutfak Ekipmanları, Tüm Ürünler"
181,7864.N1.40703.12,Öztiryakiler 700 Seri Set Üstü Lavataşlı Izgara Gazlı 40*70*30,Eksik kategoriler: Ana Mutfak Ekipmanları > 700 Seri > Izgaralar | Ana Mutfak Ekipmanları > 700 Seri,Dönerci Ekipmanları,"Dönerci Ekipmanları, Ana Mutfak Ekipmanları, Tüm Ürünler"
182,7864.N1.80703.20,Öztiryakiler 700 Seri Set Üstü Lavataşlı Izgara Gazlı 80*70*30,Eksik kategoriler: Ana Mutfak Ekipmanları > 700 Seri > Izgaralar | Ana Mutfak Ekipmanları > 700 Seri,Dönerci Ekipmanları,"Dönerci Ekipmanları, Ana Mutfak Ekipmanları, Tüm Ürünler"
183,7858.N1.40703.11,Öztiryakiler 700 Seri Set Üstü Makarna Fritözü Elektrikli 40*70*30,Eksik kategoriler: Ana Mutfak Ekipmanları > 700 Seri > Fritözler | Ana Mutfak Ekipmanları > 700 Seri,Dönerci Ekipmanları,"Dönerci Ekipmanları, Ana Mutfak Ekipmanları, Tüm Ürünler, Patates Kızartma Makineleri"
184,7865.N1.40703.12,Öztiryakiler 700 Seri Set Üstü Ocak Elektrikli 40*70,Eksik kategoriler: Ana Mutfak Ekipmanları > 700 Seri > Ocaklar | Ana Mutfak Ekipmanları > 700 Seri,Dönerci Ekipmanları,"Dönerci Ekipmanları, Ana Mutfak Ekipmanları, Tüm Ürünler"
185,7865.N1.40703.22,Öztiryakiler 700 Seri Set Üstü Ocak Kapalı Döküm Gazlı 40*70*30,Eksik kategoriler: Ana Mutfak Ekipmanları > 700 Seri > Ocaklar | Ana Mutfak Ekipmanları > 700 Seri,Dönerci Ekipmanları,"Dönerci Ekipmanları, Ana Mutfak Ekipmanları, Tüm Ürünler"
186,7865.N1.80703.22,Öztiryakiler 700 Seri Set Üstü Ocak Kapalı Döküm Gazlı 80*70*30,Eksik kategoriler: Ana Mutfak Ekipmanları > 700 Seri > Ocaklar | Ana Mutfak Ekipmanları > 700 Seri,Dönerci Ekipmanları,"Dönerci Ekipmanları, Ana Mutfak Ekipmanları, Tüm Ürünler"
187,7831.N1.40703.01,Öztiryakiler 700 Seri Set Üstü Patates Dinlendirme Elektrikli 40*70,Eksik kategoriler: Hazırlık Ekipmanları > Patates Doğrama Makineleri | Ana Mutfak Ekipmanları > 700 Seri > Patates Dinlendirme | Ana Mutfak Ekipmanları > 700 Seri,Hazırlık Ekipmanları,"Hazırlık Ekipmanları, Ana Mutfak Ekipmanları, Tüm Ürünler"
188,7865.N1.40703.CS,Öztiryakiler 700 Seri Set Üstü Seran Ocak Elektrikli 40*70*30,Eksik kategoriler: Ana Mutfak Ekipmanları > 700 Seri > Ocaklar | Ana Mutfak Ekipmanları > 700 Seri,Dönerci Ekipmanları,"Dönerci Ekipmanları, Ana Mutfak Ekipmanları, Tüm Ürünler"
189,7865.N1.80703.CS,Öztiryakiler 700 Seri Set Üstü Seran Ocak Elektrikli 80*70*30,Eksik kategoriler: Ana Mutfak Ekipmanları > 700 Seri > Ocaklar | Ana Mutfak Ekipmanları > 700 Seri,Dönerci Ekipmanları,"Dönerci Ekipmanları, Ana Mutfak Ekipmanları, Tüm Ürünler"
190,7865.N1.40703.33L,Öztiryakiler 700 Seri Set Üstü İkili Ocak Gazlı 40*70*30,Eksik kategoriler: Ana Mutfak Ekipmanları > 700 Seri > Ocaklar | Ana Mutfak Ekipmanları > 700 Seri,Dönerci Ekipmanları,"Dönerci Ekipmanları, Ana Mutfak Ekipmanları, Tüm Ürünler"
191,7865.N1.40703.IS,Öztiryakiler 700 Seri Set Üstü İndüksiyon Ocak Elektrikli 40*70*30,Eksik kategoriler: Ana Mutfak Ekipmanları > 700 Seri > Ocaklar | Ana Mutfak Ekipmanları > 700 Seri,Dönerci Ekipmanları,"Dönerci Ekipmanları, Ana Mutfak Ekipmanları, Tüm Ürünler"
192,7865.N1.80703.IS,Öztiryakiler 700 Seri Set Üstü İndüksiyon Ocak Elektrikli 80*70*30,Eksik kategoriler: Ana Mutfak Ekipmanları > 700 Seri > Ocaklar | Ana Mutfak Ekipmanları > 700 Seri,Dönerci Ekipmanları,"Dönerci Ekipmanları, Ana Mutfak Ekipmanları, Tüm Ürünler"
193,7864.N1.80703.19C,"Öztiryakiler 700 Seri, OGG 8070 Grill Plate Set Üstü Düz Gazlı 80x70x30 cm Sert Krom Kaplı",Eksik kategoriler: Ana Mutfak Ekipmanları > 700 Seri > Izgaralar | Ana Mutfak Ekipmanları > 700 Seri,Ana Mutfak Ekipmanları,"Ana Mutfak Ekipmanları, Tüm Ürünler"
194,8740.0BB49.00,Öztiryakiler 7x7 Bölmeli Bardak Basketi,Ana kategori: Tum Urunler -> degistirilmeli + Eksik kategoriler: Bulaşıkhane Ekipmanları > Bulaşık Makinesi Basketleri,Tüm Ürünler,"Tüm Ürünler, Bulaşıkhane Ekipmanları"
195,8740.0BY49.00,Öztiryakiler 7x7 Bölmeli Yükseltici,Ana kategori: Tum Urunler -> degistirilmeli + Eksik kategoriler: Bulaşıkhane Ekipmanları > Bulaşık Makinesi Basketleri,Tüm Ürünler,"Tüm Ürünler, Bulaşıkhane Ekipmanları"
196,7856.N1.40908.02,Öztiryakiler 900 Seri Fritöz Dolaplı Elektrikli 40*90*85,Eksik kategoriler: Ana Mutfak Ekipmanları > 900 Seri | Ana Mutfak Ekipmanları > 900 Seri > Fritözler,Dönerci Ekipmanları,"Dönerci Ekipmanları, Ana Mutfak Ekipmanları, Tüm Ürünler, Patates Kızartma Makineleri"
197,7856.N1.80908.02,Öztiryakiler 900 Seri Fritöz Dolaplı Elektrikli 80*90*85,Eksik kategoriler: Ana Mutfak Ekipmanları > 900 Seri | Ana Mutfak Ekipmanları > 900 Seri > Fritözler,Dönerci Ekipmanları,"Dönerci Ekipmanları, Ana Mutfak Ekipmanları, Tüm Ürünler, Patates Kızartma Makineleri"
198,7856.N1.40908.04,Öztiryakiler 900 Seri Fritöz Dolaplı Gazlı 40*90*85,Eksik kategoriler: Ana Mutfak Ekipmanları > 900 Seri | Ana Mutfak Ekipmanları > 900 Seri > Fritözler,Dönerci Ekipmanları,"Dönerci Ekipmanları, Ana Mutfak Ekipmanları, Tüm Ürünler, Patates Kızartma Makineleri"
199,7856.N1.80908.14,Öztiryakiler 900 Seri Fritöz Dolaplı Gazlı 80*90*85,Eksik kategoriler: Ana Mutfak Ekipmanları > 900 Seri | Ana Mutfak Ekipmanları > 900 Seri > Fritözler,Dönerci Ekipmanları,"Dönerci Ekipmanları, Ana Mutfak Ekipmanları, Tüm Ürünler, Patates Kızartma Makineleri"
200,7855.N1.80908.11,Öztiryakiler 900 Seri Kaynatma Tenceresi Direkt Gazlı 100 LT 80*90*85,Eksik kategoriler: Ana Mutfak Ekipmanları > 900 Seri > Kaynatma Tencereleri,900 Seri,"900 Seri, Ana Mutfak Ekipmanları, Tüm Ürünler"
201,7855.N1.80908.12,Öztiryakiler 900 Seri Kaynatma Tenceresi Direkt Gazlı 150 LT 80*90*85,Eksik kategoriler: Ana Mutfak Ekipmanları > 900 Seri > Kaynatma Tencereleri,900 Seri,"900 Seri, Ana Mutfak Ekipmanları, Tüm Ürünler"
202,7855.N1.10908.13,Öztiryakiler 900 Seri Kaynatma Tenceresi Direkt Gazlı 250 LT 100*90*85,Eksik kategoriler: Ana Mutfak Ekipmanları > 900 Seri > Kaynatma Tencereleri,900 Seri,"900 Seri, Ana Mutfak Ekipmanları, Tüm Ürünler"
203,7855.N1.80908.04,Öztiryakiler 900 Seri Kaynatma Tenceresi İndirekt Elektrikli 100 LT 80*90*85,Eksik kategoriler: Ana Mutfak Ekipmanları > 900 Seri > Kaynatma Tencereleri,900 Seri,"900 Seri, Ana Mutfak Ekipmanları, Tüm Ürünler"
204,7855.N1.80908.05,Öztiryakiler 900 Seri Kaynatma Tenceresi İndirekt Elektrikli 150 LT. 80*90*85,Eksik kategoriler: Ana Mutfak Ekipmanları > 900 Seri > Kaynatma Tencereleri,900 Seri,"900 Seri, Ana Mutfak Ekipmanları, Tüm Ürünler"
205,7855.N1.10908.07,Öztiryakiler 900 Seri Kaynatma Tenceresi İndirekt Elektrikli 250 LT 100*90*85,Eksik kategoriler: Ana Mutfak Ekipmanları > 900 Seri > Kaynatma Tencereleri,900 Seri,"900 Seri, Ana Mutfak Ekipmanları, Tüm Ürünler"
206,7855.N1.80908.01,Öztiryakiler 900 Seri Kaynatma Tenceresi İndirekt Gazlı 100 LT 80*90*85,Eksik kategoriler: Ana Mutfak Ekipmanları > 900 Seri > Kaynatma Tencereleri,900 Seri,"900 Seri, Ana Mutfak Ekipmanları, Tüm Ürünler"
207,7855.N1.80908.02,Öztiryakiler 900 Seri Kaynatma Tenceresi İndirekt Gazlı 150 LT 80*90*85,Eksik kategoriler: Ana Mutfak Ekipmanları > 900 Seri > Kaynatma Tencereleri,900 Seri,"900 Seri, Ana Mutfak Ekipmanları, Tüm Ürünler"
208,7855.N1.10908.03,Öztiryakiler 900 Seri Kaynatma Tenceresi İndirekt Gazlı 250 LT 100*90*85,Eksik kategoriler: Ana Mutfak Ekipmanları > 900 Seri > Kaynatma Tencereleri,900 Seri,"900 Seri, Ana Mutfak Ekipmanları, Tüm Ürünler"
209,7865.N1.12908.51,Öztiryakiler 900 Seri Kuzine Büyük Fırınlı Elektrikli 6 Kare Plate 120*90*85,Eksik kategoriler: Ana Mutfak Ekipmanları > 900 Seri | Ana Mutfak Ekipmanları > 900 Seri > Fırınlı Kuzineler,Ana Mutfak Ekipmanları,"Ana Mutfak Ekipmanları, Tüm Ürünler"
210,7865.N1.80908.11,Öztiryakiler 900 Seri Kuzine Fırınlı Elektrikli 4 Kare Plate 80*90*85,Eksik kategoriler: Ana Mutfak Ekipmanları > 900 Seri | Ana Mutfak Ekipmanları > 900 Seri > Fırınlı Kuzineler,Ana Mutfak Ekipmanları,"Ana Mutfak Ekipmanları, Tüm Ürünler"
211,7865.N1.12908.11,Öztiryakiler 900 Seri Kuzine Fırınlı Elektrikli 6 Kare Plate 120*90*85,Eksik kategoriler: Ana Mutfak Ekipmanları > 900 Seri | Ana Mutfak Ekipmanları > 900 Seri > Fırınlı Kuzineler,Ana Mutfak Ekipmanları,"Ana Mutfak Ekipmanları, Tüm Ürünler"
212,7865.N1.12908.50,"Öztiryakiler 900 Seri Kuzine, Büyük Fırınlı, Gazlı, 6 Açık Ateş 120x90x85",Eksik kategoriler: Ana Mutfak Ekipmanları > 900 Seri | Ana Mutfak Ekipmanları > 900 Seri > Fırınlı Kuzineler,Ana Mutfak Ekipmanları,"Ana Mutfak Ekipmanları, Tüm Ürünler"
213,7865.N1.80908.12,"Öztiryakiler 900 Seri Kuzine, Fırınlı, Gazlı, Kapalı, Dökümlü, 80×90 cm",Eksik kategoriler: Ana Mutfak Ekipmanları > 900 Seri | Ana Mutfak Ekipmanları > 900 Seri > Fırınlı Kuzineler,Ana Mutfak Ekipmanları,"Ana Mutfak Ekipmanları, Tüm Ürünler"
214,7858.N1.40908.11,Öztiryakiler 900 Seri Makarna Fritözü Dolaplı Elektrikli 40*90*85,Eksik kategoriler: Ana Mutfak Ekipmanları > 900 Seri | Ana Mutfak Ekipmanları > 900 Seri > Fritözler,Dönerci Ekipmanları,"Dönerci Ekipmanları, Ana Mutfak Ekipmanları, Tüm Ürünler"
215,7858.N1.80908.11,Öztiryakiler 900 Seri Makarna Fritözü Dolaplı Elektrikli 80*90*85,Eksik kategoriler: Ana Mutfak Ekipmanları > 900 Seri | Ana Mutfak Ekipmanları > 900 Seri > Fritözler,Dönerci Ekipmanları,"Dönerci Ekipmanları, Ana Mutfak Ekipmanları, Tüm Ürünler"
216,7858.N1.40908.23,Öztiryakiler 900 Seri Makarna Fritözü Dolaplı Gazlı 40*90*85,Eksik kategoriler: Ana Mutfak Ekipmanları > 900 Seri | Ana Mutfak Ekipmanları > 900 Seri > Fritözler,Dönerci Ekipmanları,"Dönerci Ekipmanları, Ana Mutfak Ekipmanları, Tüm Ürünler"
217,7858.N1.80908.23,Öztiryakiler 900 Seri Makarna Fritözü Dolaplı Gazlı 80*90*85,Eksik kategoriler: Ana Mutfak Ekipmanları > 900 Seri | Ana Mutfak Ekipmanları > 900 Seri > Fritözler,Dönerci Ekipmanları,"Dönerci Ekipmanları, Ana Mutfak Ekipmanları, Tüm Ürünler"
218,7864.N1.12903.72,Öztiryakiler 900 Seri ODG 12090 E V2 Döküm Izgara 120x90x30 cm Gazlı,Eksik kategoriler: Ana Mutfak Ekipmanları > 900 Seri | Ana Mutfak Ekipmanları > 900 Seri > Izgaralar,Dönerci Ekipmanları,"Dönerci Ekipmanları, Ana Mutfak Ekipmanları, Tüm Ürünler"
219,7864.N1.40903.72,Öztiryakiler 900 Seri ODG 4090 V2 Döküm Izgara 40x90x30 cm Gazlı,Eksik kategoriler: Ana Mutfak Ekipmanları > 900 Seri | Ana Mutfak Ekipmanları > 900 Seri > Izgaralar,Dönerci Ekipmanları,"Dönerci Ekipmanları, Ana Mutfak Ekipmanları, Tüm Ürünler"
220,7864.N1.80903.72,Öztiryakiler 900 Seri ODG 8090 E V2 Döküm Izgara 80x90x30 cm Gazlı,Eksik kategoriler: Ana Mutfak Ekipmanları > 900 Seri | Ana Mutfak Ekipmanları > 900 Seri > Izgaralar,Dönerci Ekipmanları,"Dönerci Ekipmanları, Ana Mutfak Ekipmanları, Tüm Ürünler"
221,7876.N1.12905.00,Öztiryakiler 900 Seri Set Altı Dolap 120 Lik,Eksik kategoriler: Ana Mutfak Ekipmanları > 900 Seri | Ana Mutfak Ekipmanları > 900 Seri > Set Altı Dolaplar,Ana Mutfak Ekipmanları,"Ana Mutfak Ekipmanları, Tüm Ürünler"
222,7876.N1.40905.00,Öztiryakiler 900 Seri Set Altı Dolap 40 Lık,Eksik kategoriler: Ana Mutfak Ekipmanları > 900 Seri | Ana Mutfak Ekipmanları > 900 Seri > Set Altı Dolaplar,Ana Mutfak Ekipmanları,"Ana Mutfak Ekipmanları, Tüm Ürünler"
223,7876.N1.80905.00,Öztiryakiler 900 Seri Set Altı Dolap 80 Lik,Eksik kategoriler: Ana Mutfak Ekipmanları > 900 Seri | Ana Mutfak Ekipmanları > 900 Seri > Set Altı Dolaplar,Ana Mutfak Ekipmanları,"Ana Mutfak Ekipmanları, Tüm Ürünler"
224,7865.N1.12903.21,Öztiryakiler 900 Seri Set Üstü 6 Lı Ocak Elektrikli 120*90*30,Eksik kategoriler: Ana Mutfak Ekipmanları > 900 Seri | Ana Mutfak Ekipmanları > 900 Seri > Ocaklar,Dönerci Ekipmanları,"Dönerci Ekipmanları, Ana Mutfak Ekipmanları, Tüm Ürünler"
225,7865.N1.12903.20,Öztiryakiler 900 Seri Set Üstü 6 Lı Ocak Gazlı 120*90*30,Eksik kategoriler: Ana Mutfak Ekipmanları > 900 Seri | Ana Mutfak Ekipmanları > 900 Seri > Ocaklar,Dönerci Ekipmanları,"Dönerci Ekipmanları, Ana Mutfak Ekipmanları, Tüm Ürünler"
226,7911.N1.40903.00,Öztiryakiler 900 Seri Set Üstü Ara Tezgah 40*90*30,Eksik kategoriler: Ana Mutfak Ekipmanları > 900 Seri | Ana Mutfak Ekipmanları > 900 Seri > Ara Tezgahlar,Ana Mutfak Ekipmanları,"Ana Mutfak Ekipmanları, Tüm Ürünler"
227,7911.N1.80903.00,Öztiryakiler 900 Seri Set Üstü Ara Tezgah 80*90*30,Eksik kategoriler: Ana Mutfak Ekipmanları > 900 Seri | Ana Mutfak Ekipmanları > 900 Seri > Ara Tezgahlar,Ana Mutfak Ekipmanları,"Ana Mutfak Ekipmanları, Tüm Ürünler"
228,7854.N1.40903.11,Öztiryakiler 900 Seri Set Üstü Bain Marie Elektrikli 40*90*30-GN Kaplar Hariç,Eksik kategoriler: Ana Mutfak Ekipmanları > 900 Seri | Ana Mutfak Ekipmanları > 900 Seri > Bain Marie,Dönerci Ekipmanları,"Dönerci Ekipmanları, Ana Mutfak Ekipmanları, Tüm Ürünler"
229,7854.N1.80903.11,Öztiryakiler 900 Seri Set Üstü Bain Marie Elektrikli 80*90*30-GN Kaplar Hariç,Eksik kategoriler: Ana Mutfak Ekipmanları > 900 Seri | Ana Mutfak Ekipmanları > 900 Seri > Bain Marie,Dönerci Ekipmanları,"Dönerci Ekipmanları, Ana Mutfak Ekipmanları, Tüm Ürünler"
230,7854.N1.40903.13,Öztiryakiler 900 Seri Set Üstü Bain Marie Gazlı 40*90*30-GN Kaplar Hariç,Eksik kategoriler: Ana Mutfak Ekipmanları > 900 Seri | Ana Mutfak Ekipmanları > 900 Seri > Bain Marie,Dönerci Ekipmanları,"Dönerci Ekipmanları, Ana Mutfak Ekipmanları, Tüm Ürünler"
231,7854.N1.80903.13,Öztiryakiler 900 Seri Set Üstü Bain Marie Gazlı 80*90*30-GN Kaplar Hariç,Eksik kategoriler: Ana Mutfak Ekipmanları > 900 Seri | Ana Mutfak Ekipmanları > 900 Seri > Bain Marie,Dönerci Ekipmanları,"Dönerci Ekipmanları, Ana Mutfak Ekipmanları, Tüm Ürünler"
232,7865.N1.80903.21,Öztiryakiler 900 Seri Set Üstü Dörtlü Ocak Elektrikli 80*90*30,Eksik kategoriler: Ana Mutfak Ekipmanları > 900 Seri | Ana Mutfak Ekipmanları > 900 Seri > Ocaklar,Dönerci Ekipmanları,"Dönerci Ekipmanları, Ana Mutfak Ekipmanları, Tüm Ürünler"
233,7865.N1.80903.20,Öztiryakiler 900 Seri Set Üstü Dörtlü Ocak Gazlı 80*90*30,Eksik kategoriler: Ana Mutfak Ekipmanları > 900 Seri | Ana Mutfak Ekipmanları > 900 Seri > Ocaklar,Dönerci Ekipmanları,"Dönerci Ekipmanları, Ana Mutfak Ekipmanları, Tüm Ürünler"
234,7865.N1.80903.20P,Öztiryakiler 900 Seri Set Üstü Dörtlü Ocak Gazlı 80*90*30,Eksik kategoriler: Ana Mutfak Ekipmanları > 900 Seri | Ana Mutfak Ekipmanları > 900 Seri > Ocaklar,Dönerci Ekipmanları,"Dönerci Ekipmanları, Ana Mutfak Ekipmanları, Tüm Ürünler"
235,7864.N1.80903.17,Öztiryakiler 900 Seri Set Üstü Grill Plate Düz Elektrikli  80*90*30,Eksik kategoriler: Ana Mutfak Ekipmanları > 900 Seri | Ana Mutfak Ekipmanları > 900 Seri > Izgaralar,Ana Mutfak Ekipmanları,"Ana Mutfak Ekipmanları, Tüm Ürünler"
236,7864.N1.40903.04,Öztiryakiler 900 Seri Set Üstü Grill Plate Düz Elektrikli 40*90*30,Eksik kategoriler: Ana Mutfak Ekipmanları > 900 Seri | Ana Mutfak Ekipmanları > 900 Seri > Izgaralar,Ana Mutfak Ekipmanları,"Ana Mutfak Ekipmanları, Tüm Ürünler"
237,7864.N1.40903.04C,Öztiryakiler 900 Seri Set Üstü Grill Plate Düz Elektrikli 40*90*30-Sert Krom Kaplı,Eksik kategoriler: Ana Mutfak Ekipmanları > 900 Seri | Ana Mutfak Ekipmanları > 900 Seri > Izgaralar,Ana Mutfak Ekipmanları,"Ana Mutfak Ekipmanları, Tüm Ürünler"
238,7864.N1.80903.17C,Öztiryakiler 900 Seri Set Üstü Grill Plate Düz Elektrikli 80*90*30-Sert Krom Kaplı,Eksik kategoriler: Ana Mutfak Ekipmanları > 900 Seri | Ana Mutfak Ekipmanları > 900 Seri > Izgaralar,Ana Mutfak Ekipmanları,"Ana Mutfak Ekipmanları, Tüm Ürünler"
239,7864.N1.40903.06,Öztiryakiler 900 Seri Set Üstü Grill Plate Düz Gazlı 40*90,Eksik kategoriler: Ana Mutfak Ekipmanları > 900 Seri | Ana Mutfak Ekipmanları > 900 Seri > Izgaralar,Ana Mutfak Ekipmanları,"Ana Mutfak Ekipmanları, Tüm Ürünler"
240,7864.N1.40903.06C,Öztiryakiler 900 Seri Set Üstü Grill Plate Düz Gazlı 40*90*30-Sert Krom Kaplı,Eksik kategoriler: Ana Mutfak Ekipmanları > 900 Seri | Ana Mutfak Ekipmanları > 900 Seri > Izgaralar,Ana Mutfak Ekipmanları,"Ana Mutfak Ekipmanları, Tüm Ürünler"
241,7864.N1.80903.16,Öztiryakiler 900 Seri Set Üstü Grill Plate Düz Gazlı 80*90*30,Eksik kategoriler: Ana Mutfak Ekipmanları > 900 Seri | Ana Mutfak Ekipmanları > 900 Seri > Izgaralar,Ana Mutfak Ekipmanları,"Ana Mutfak Ekipmanları, Tüm Ürünler"
242,7864.N1.80903.16C,Öztiryakiler 900 Seri Set Üstü Grill Plate Düz Gazlı 80*90*30-Sert Krom Kaplı,Eksik kategoriler: Ana Mutfak Ekipmanları > 900 Seri | Ana Mutfak Ekipmanları > 900 Seri > Izgaralar,Ana Mutfak Ekipmanları,"Ana Mutfak Ekipmanları, Tüm Ürünler"
243,7864.N1.40903.01,Öztiryakiler 900 Seri Set Üstü Grill Plate Oluklu Elektrikli 40*90*30,Eksik kategoriler: Ana Mutfak Ekipmanları > 900 Seri | Ana Mutfak Ekipmanları > 900 Seri > Izgaralar,Ana Mutfak Ekipmanları,"Ana Mutfak Ekipmanları, Tüm Ürünler"
244,7864.N1.40903.01C,Öztiryakiler 900 Seri Set Üstü Grill Plate Oluklu Elektrikli 40*90*30-Sert Krom Kaplı,Eksik kategoriler: Ana Mutfak Ekipmanları > 900 Seri | Ana Mutfak Ekipmanları > 900 Seri > Izgaralar,Ana Mutfak Ekipmanları,"Ana Mutfak Ekipmanları, Tüm Ürünler"
245,7864.N1.80903.11,Öztiryakiler 900 Seri Set Üstü Grill Plate Oluklu Elektrikli 80*90*30,Eksik kategoriler: Ana Mutfak Ekipmanları > 900 Seri | Ana Mutfak Ekipmanları > 900 Seri > Izgaralar,Ana Mutfak Ekipmanları,"Ana Mutfak Ekipmanları, Tüm Ürünler"
246,7864.N1.80903.11C,Öztiryakiler 900 Seri Set Üstü Grill Plate Oluklu Elektrikli 80*90*30-Sert Krom Kaplı,Eksik kategoriler: Ana Mutfak Ekipmanları > 900 Seri | Ana Mutfak Ekipmanları > 900 Seri > Izgaralar,Ana Mutfak Ekipmanları,"Ana Mutfak Ekipmanları, Tüm Ürünler"
247,7864.N1.40903.03,Öztiryakiler 900 Seri Set Üstü Grill Plate Oluklu Gazlı 40*90*30,Eksik kategoriler: Ana Mutfak Ekipmanları > 900 Seri | Ana Mutfak Ekipmanları > 900 Seri > Izgaralar,Ana Mutfak Ekipmanları,"Ana Mutfak Ekipmanları, Tüm Ürünler"
248,7864.N1.40903.03C,Öztiryakiler 900 Seri Set Üstü Grill Plate Oluklu Gazlı 40*90*30-Sert Krom Kaplı,Eksik kategoriler: Ana Mutfak Ekipmanları > 900 Seri | Ana Mutfak Ekipmanları > 900 Seri > Izgaralar,Ana Mutfak Ekipmanları,"Ana Mutfak Ekipmanları, Tüm Ürünler"
249,7864.N1.80903.13,Öztiryakiler 900 Seri Set Üstü Grill Plate Oluklu Gazlı 80*90*30,Eksik kategoriler: Ana Mutfak Ekipmanları > 900 Seri | Ana Mutfak Ekipmanları > 900 Seri > Izgaralar,Ana Mutfak Ekipmanları,"Ana Mutfak Ekipmanları, Tüm Ürünler"
250,7864.N1.80903.13C,Öztiryakiler 900 Seri Set Üstü Grill Plate Oluklu Gazlı 80*90*30-Sert Krom Kaplı,Eksik kategoriler: Ana Mutfak Ekipmanları > 900 Seri | Ana Mutfak Ekipmanları > 900 Seri > Izgaralar,Ana Mutfak Ekipmanları,"Ana Mutfak Ekipmanları, Tüm Ürünler"
251,7864.N1.80903.14,Öztiryakiler 900 Seri Set Üstü Grill Plate Yarı Oluklu Elektrikli 80*90*30,Eksik kategoriler: Ana Mutfak Ekipmanları > 900 Seri | Ana Mutfak Ekipmanları > 900 Seri > Izgaralar,Ana Mutfak Ekipmanları,"Ana Mutfak Ekipmanları, Tüm Ürünler"
252,7864.N1.80903.14C,Öztiryakiler 900 Seri Set Üstü Grill Plate Yarı Oluklu Elektrikli 80*90*30-Sert Krom Kaplı,Eksik kategoriler: Ana Mutfak Ekipmanları > 900 Seri | Ana Mutfak Ekipmanları > 900 Seri > Izgaralar,Ana Mutfak Ekipmanları,"Ana Mutfak Ekipmanları, Tüm Ürünler"
253,7864.N1.80903.19,Öztiryakiler 900 Seri Set Üstü Grill Plate Yarı Oluklu Gazlı 80*90*30,Eksik kategoriler: Ana Mutfak Ekipmanları > 900 Seri | Ana Mutfak Ekipmanları > 900 Seri > Izgaralar,Ana Mutfak Ekipmanları,"Ana Mutfak Ekipmanları, Tüm Ürünler"
254,7864.N1.80903.19C,Öztiryakiler 900 Seri Set Üstü Grill Plate Yarı Oluklu Gazlı 80*90*30-Sert Krom Kaplı,Eksik kategoriler: Ana Mutfak Ekipmanları > 900 Seri | Ana Mutfak Ekipmanları > 900 Seri > Izgaralar,Ana Mutfak Ekipmanları,"Ana Mutfak Ekipmanları, Tüm Ürünler"
255,7864.N1.40903.12,Öztiryakiler 900 Seri Set Üstü Lavataşlı Izgara 40*90*30,Eksik kategoriler: Ana Mutfak Ekipmanları > 900 Seri | Ana Mutfak Ekipmanları > 900 Seri > Izgaralar,Dönerci Ekipmanları,"Dönerci Ekipmanları, Ana Mutfak Ekipmanları, Tüm Ürünler"
256,7864.N1.80903.20,Öztiryakiler 900 Seri Set Üstü Lavataşlı Izgara Gazlı 80*90*30,Eksik kategoriler: Ana Mutfak Ekipmanları > 900 Seri | Ana Mutfak Ekipmanları > 900 Seri > Izgaralar,Dönerci Ekipmanları,"Dönerci Ekipmanları, Ana Mutfak Ekipmanları, Tüm Ürünler"
257,7865.N1.80903.22,Öztiryakiler 900 Seri Set Üstü Ocak Kapalı Döküm Gazlı 80*90*30,Eksik kategoriler: Ana Mutfak Ekipmanları > 900 Seri | Ana Mutfak Ekipmanları > 900 Seri > Ocaklar,Dönerci Ekipmanları,"Dönerci Ekipmanları, Ana Mutfak Ekipmanları, Tüm Ürünler"
258,7831.N1.40903.01,Öztiryakiler 900 Seri Set Üstü Patates Dinlendirme Elektrikli 40*90,Eksik kategoriler: Hazırlık Ekipmanları > Patates Doğrama Makineleri | Ana Mutfak Ekipmanları > 900 Seri | Ana Mutfak Ekipmanları > 900 Seri > Patates Dinlendirme,Hazırlık Ekipmanları,"Hazırlık Ekipmanları, Ana Mutfak Ekipmanları, Tüm Ürünler"
259,7865.N1.40903.CS,Öztiryakiler 900 Seri Set Üstü Seran Ocak Elektrikli 40*90*30,Eksik kategoriler: Ana Mutfak Ekipmanları > 900 Seri | Ana Mutfak Ekipmanları > 900 Seri > Ocaklar,Dönerci Ekipmanları,"Dönerci Ekipmanları, Ana Mutfak Ekipmanları, Tüm Ürünler"
260,7865.N1.80903.CS,Öztiryakiler 900 Seri Set Üstü Seran Ocak Elektrikli 80*90*30,Eksik kategoriler: Ana Mutfak Ekipmanları > 900 Seri | Ana Mutfak Ekipmanları > 900 Seri > Ocaklar,Dönerci Ekipmanları,"Dönerci Ekipmanları, Ana Mutfak Ekipmanları, Tüm Ürünler"
261,7865.N1.80903.53,Öztiryakiler 900 Seri Set Üstü Tekli Ocak Gazlı 80*90*30,Eksik kategoriler: Ana Mutfak Ekipmanları > 900 Seri | Ana Mutfak Ekipmanları > 900 Seri > Ocaklar,Dönerci Ekipmanları,"Dönerci Ekipmanları, Ana Mutfak Ekipmanları, Tüm Ürünler"
262,7865.N1.40903.WK,Öztiryakiler 900 Seri Set Üstü Wok Ocak Tekli Gazlı 40*90*30,Eksik kategoriler: Ana Mutfak Ekipmanları > 900 Seri | Ana Mutfak Ekipmanları > 900 Seri > Ocaklar,Dönerci Ekipmanları,"Dönerci Ekipmanları, Ana Mutfak Ekipmanları, Tüm Ürünler"
263,7865.N1.80903.WK,Öztiryakiler 900 Seri Set Üstü Wok Ocak İkili Gazlı 80*90*30,Eksik kategoriler: Ana Mutfak Ekipmanları > 900 Seri | Ana Mutfak Ekipmanları > 900 Seri > Ocaklar,Dönerci Ekipmanları,"Dönerci Ekipmanları, Ana Mutfak Ekipmanları, Tüm Ürünler"
264,7865.N1.40903.21,Öztiryakiler 900 Seri Set Üstü İkili Ocak Elektrikli 40*90*30,Eksik kategoriler: Ana Mutfak Ekipmanları > 900 Seri | Ana Mutfak Ekipmanları > 900 Seri > Ocaklar,Dönerci Ekipmanları,"Dönerci Ekipmanları, Ana Mutfak Ekipmanları, Tüm Ürünler"
265,7865.N1.40903.20,Öztiryakiler 900 Seri Set Üstü İkili Ocak Gazlı 40*90*30,Eksik kategoriler: Ana Mutfak Ekipmanları > 900 Seri | Ana Mutfak Ekipmanları > 900 Seri > Ocaklar,Dönerci Ekipmanları,"Dönerci Ekipmanları, Ana Mutfak Ekipmanları, Tüm Ürünler"
266,7865.N1.40903.IS,Öztiryakiler 900 Seri Set Üstü İndüksiyon Ocak 40*90*30,Eksik kategoriler: Ana Mutfak Ekipmanları > 900 Seri | Ana Mutfak Ekipmanları > 900 Seri > Ocaklar,Dönerci Ekipmanları,"Dönerci Ekipmanları, Ana Mutfak Ekipmanları, Tüm Ürünler"
267,7865.N1.80903.IS,Öztiryakiler 900 Seri Set Üstü İndüksiyon Ocak 80*90*30,Eksik kategoriler: Ana Mutfak Ekipmanları > 900 Seri | Ana Mutfak Ekipmanları > 900 Seri > Ocaklar,Dönerci Ekipmanları,"Dönerci Ekipmanları, Ana Mutfak Ekipmanları, Tüm Ürünler"
268,7876.N1.12905.10,Öztiryakiler Açık Set Altı Dolap 120'lik 120x74.3 cm,Eksik kategoriler: Ana Mutfak Ekipmanları > 900 Seri | Ana Mutfak Ekipmanları > 900 Seri > Set Altı Dolaplar,Ana Mutfak Ekipmanları,"Ana Mutfak Ekipmanları, Tüm Ürünler"
269,7876.N1.40905.10,Öztiryakiler Açık Set Altı Dolap 40'lık 40x74.3 cm,Eksik kategoriler: Ana Mutfak Ekipmanları > 900 Seri | Ana Mutfak Ekipmanları > 900 Seri > Set Altı Dolaplar,Ana Mutfak Ekipmanları,"Ana Mutfak Ekipmanları, Tüm Ürünler"
270,7876.N1.80905.10,Öztiryakiler Açık Set Altı Dolap 80'lik 80x74.30 cm,Eksik kategoriler: Ana Mutfak Ekipmanları > 900 Seri | Ana Mutfak Ekipmanları > 900 Seri > Set Altı Dolaplar,Ana Mutfak Ekipmanları,"Ana Mutfak Ekipmanları, Tüm Ürünler"
271,7959.55659.01,Öztiryakiler Banket İstifleme Ünitesi,Eksik kategoriler: Servis ve Teşhir Üniteleri > Çok Amaçlı Arabalar,_X_Çok Amaçlı Arab_0d87a2,"_X_Çok Amaçlı Arab_0d87a2, Tüm Ürünler, Servis ve Teşhir Üniteleri"
272,8740.DBB50.00,Öztiryakiler Bardak Basketi 50*50*10,Ana kategori: Tum Urunler -> degistirilmeli + Eksik kategoriler: Bulaşıkhane Ekipmanları > Bulaşık Makinesi Basketleri,Tüm Ürünler,"Tüm Ürünler, Bulaşıkhane Ekipmanları"
273,8740.BMS35.00,Öztiryakiler Bardak Yıkama Makinası Basketi BMS35 350*350*150mm,Ana kategori: Tum Urunler -> degistirilmeli + Eksik kategoriler: Bulaşıkhane Ekipmanları > Bulaşık Makinesi Basketleri,Tüm Ürünler,"Tüm Ürünler, Bulaşıkhane Ekipmanları"
274,7959.60578.40,Öztiryakiler Basket Taşıma Arabası Kulplu 60x60x85 Cm,Eksik kategoriler: Servis ve Teşhir Üniteleri > Çok Amaçlı Arabalar,_X_Çok Amaçlı Arab_0d87a2,"_X_Çok Amaçlı Arab_0d87a2, Tüm Ürünler, Servis ve Teşhir Üniteleri"
275,6262.DETP7.00,Öztiryakiler Bulaşık Makinesi Deterjan Dozaj Pompası,Ana kategori: Tum Urunler -> degistirilmeli + Eksik kategoriler: Bulaşıkhane Ekipmanları > Bulaşık Makinesi Basketleri,Tüm Ürünler,"Tüm Ürünler, Bulaşıkhane Ekipmanları"
276,6262.PARP3.00,Öztiryakiler Bulaşık Makinesi Parlatıcı Dozaj Pompası,Ana kategori: Tum Urunler -> degistirilmeli + Eksik kategoriler: Bulaşıkhane Ekipmanları > Bulaşık Makinesi Basketleri,Tüm Ürünler,"Tüm Ürünler, Bulaşıkhane Ekipmanları"
277,7506.0B390.00,Öztiryakiler Buz Konteyneri B 390 S Buz Makinesi İçin,Eksik kategoriler: Ana Mutfak Ekipmanları > Buz Makinesi > Öztiryakiler Buz Makineleri | Ana Mutfak Ekipmanları > Buz Makinesi,Ana Mutfak Ekipmanları,"Ana Mutfak Ekipmanları, Tüm Ürünler"
278,7865.N1.12908.50E,Öztiryakiler Büyük Fırınlı 6 Gözlü Kuzine Elektrikli,Eksik kategoriler: Ana Mutfak Ekipmanları > 900 Seri | Ana Mutfak Ekipmanları > 900 Seri > Fırınlı Kuzineler,Ana Mutfak Ekipmanları,"Ana Mutfak Ekipmanları, Tüm Ürünler"
279,7855.N1.10118.13,Öztiryakiler Direkt Kaynatma Tenceresi Silindirik Kazanlı 250 Lt Gazlı,Eksik kategoriler: Ana Mutfak Ekipmanları > 900 Seri > Kaynatma Tencereleri,900 Seri,"900 Seri, Ana Mutfak Ekipmanları, Tüm Ürünler"
280,7270.12060.00,Öztiryakiler Et Askı Arabası 120x60 cm,Eksik kategoriler: Servis ve Teşhir Üniteleri > Çok Amaçlı Arabalar,_X_Çok Amaçlı Arab_0d87a2,"_X_Çok Amaçlı Arab_0d87a2, Tüm Ürünler, Servis ve Teşhir Üniteleri"
281,7270.14060.00,Öztiryakiler Et Askı Arabası 140x60 cm,Eksik kategoriler: Servis ve Teşhir Üniteleri > Çok Amaçlı Arabalar,_X_Çok Amaçlı Arab_0d87a2,"_X_Çok Amaçlı Arab_0d87a2, Tüm Ürünler, Servis ve Teşhir Üniteleri"
282,7270.16060.00,Öztiryakiler Et Askı Arabası 160x60 cm,Eksik kategoriler: Servis ve Teşhir Üniteleri > Çok Amaçlı Arabalar,_X_Çok Amaçlı Arab_0d87a2,"_X_Çok Amaçlı Arab_0d87a2, Tüm Ürünler, Servis ve Teşhir Üniteleri"
283,7270.19060.00,Öztiryakiler Et Askı Arabası 190x60 cm,Eksik kategoriler: Servis ve Teşhir Üniteleri > Çok Amaçlı Arabalar,_X_Çok Amaçlı Arab_0d87a2,"_X_Çok Amaçlı Arab_0d87a2, Tüm Ürünler, Servis ve Teşhir Üniteleri"
284,7959.65758.00,Öztiryakiler Et Sebze Basma Arabası 65x75 cm,Eksik kategoriler: Servis ve Teşhir Üniteleri > Çok Amaçlı Arabalar,_X_Çok Amaçlı Arab_0d87a2,"_X_Çok Amaçlı Arab_0d87a2, Tüm Ürünler, Servis ve Teşhir Üniteleri"
285,6260.00072.41,Öztiryakiler Fritöz Sepeti Yeni 900 Seri ,Eksik kategoriler: Ana Mutfak Ekipmanları > 900 Seri | Ana Mutfak Ekipmanları > 900 Seri > Fritözler,Dönerci Ekipmanları,"Dönerci Ekipmanları, Ana Mutfak Ekipmanları, Tüm Ürünler, Patates Kızartma Makineleri"
286,7865.N1.80908.10E,Öztiryakiler Fırınlı 4 Gözlü Kuzine 80x90x85 cm Elektrikli,Eksik kategoriler: Ana Mutfak Ekipmanları > 900 Seri | Ana Mutfak Ekipmanları > 900 Seri > Fırınlı Kuzineler,Ana Mutfak Ekipmanları,"Ana Mutfak Ekipmanları, Tüm Ürünler"
287,7865.N1.80908.10,Öztiryakiler Fırınlı 4 Gözlü Kuzine 80x90x85 cm Gazlı,Eksik kategoriler: Ana Mutfak Ekipmanları > 900 Seri | Ana Mutfak Ekipmanları > 900 Seri > Fırınlı Kuzineler,Ana Mutfak Ekipmanları,"Ana Mutfak Ekipmanları, Tüm Ürünler"
288,7865.N1.80908.10PE,Öztiryakiler Fırınlı 4 Gözlü Model 1 Kuzine 80x90x85 cm Elektrikli,Eksik kategoriler: Ana Mutfak Ekipmanları > 900 Seri | Ana Mutfak Ekipmanları > 900 Seri > Fırınlı Kuzineler,Ana Mutfak Ekipmanları,"Ana Mutfak Ekipmanları, Tüm Ürünler"
289,7865.N1.80908.10P,Öztiryakiler Fırınlı 4 Gözlü Model 2 Kuzine 80x90x85 cm Gazlı,Eksik kategoriler: Ana Mutfak Ekipmanları > 900 Seri | Ana Mutfak Ekipmanları > 900 Seri > Fırınlı Kuzineler,Ana Mutfak Ekipmanları,"Ana Mutfak Ekipmanları, Tüm Ürünler"
290,7865.N1.12908.10E,Öztiryakiler Fırınlı 6 Gözlü Kuzine 120x90x85 cm Elektrikli,Eksik kategoriler: Ana Mutfak Ekipmanları > 900 Seri | Ana Mutfak Ekipmanları > 900 Seri > Fırınlı Kuzineler,Ana Mutfak Ekipmanları,"Ana Mutfak Ekipmanları, Tüm Ürünler"
291,7865.N1.12908.10,Öztiryakiler Fırınlı 6 Gözlü Kuzine 120x90x85 cm Gazlı,Eksik kategoriler: Ana Mutfak Ekipmanları > 900 Seri | Ana Mutfak Ekipmanları > 900 Seri > Fırınlı Kuzineler,Ana Mutfak Ekipmanları,"Ana Mutfak Ekipmanları, Tüm Ürünler"
292,0311.11100.11,"Öztiryakiler Gastronorm Küvet, Saplı, Standart, GN 1/1, 53x32.5x10 cm",Ana kategori: Tum Urunler -> degistirilmeli + Eksik kategoriler: Set Üstü Mutfak Ekipmanları > Gastronorm Küvetler | Set Üstü Mutfak Ekipmanları > Gastronorm Küvetler > Saplı Gastronorm Küvetler,Tüm Ürünler,"Tüm Ürünler, _X_Gastronorm Küve_da3b6c, Set Üstü Mutfak Ekipmanları"
293,0311.11150.11,"Öztiryakiler Gastronorm Küvet, Saplı, Standart, GN 1/1, 53x32.5x15 cm",Ana kategori: Tum Urunler -> degistirilmeli + Eksik kategoriler: Set Üstü Mutfak Ekipmanları > Gastronorm Küvetler | Set Üstü Mutfak Ekipmanları > Gastronorm Küvetler > Saplı Gastronorm Küvetler,Tüm Ürünler,"Tüm Ürünler, _X_Gastronorm Küve_da3b6c, Set Üstü Mutfak Ekipmanları"
294,0311.11200.11,"Öztiryakiler Gastronorm Küvet, Saplı, Standart, GN 1/1, 53x32.5x20 cm",Ana kategori: Tum Urunler -> degistirilmeli + Eksik kategoriler: Set Üstü Mutfak Ekipmanları > Gastronorm Küvetler | Set Üstü Mutfak Ekipmanları > Gastronorm Küvetler > Saplı Gastronorm Küvetler,Tüm Ürünler,"Tüm Ürünler, _X_Gastronorm Küve_da3b6c, Set Üstü Mutfak Ekipmanları"
295,0311.11065.11,"Öztiryakiler Gastronorm Küvet, Saplı, Standart, GN 1/1, 53x32.5x6.5 cm",Ana kategori: Tum Urunler -> degistirilmeli + Eksik kategoriler: Set Üstü Mutfak Ekipmanları > Gastronorm Küvetler | Set Üstü Mutfak Ekipmanları > Gastronorm Küvetler > Saplı Gastronorm Küvetler,Tüm Ürünler,"Tüm Ürünler, _X_Gastronorm Küve_da3b6c, Set Üstü Mutfak Ekipmanları"
296,0311.12100.11,"Öztiryakiler Gastronorm Küvet, Saplı, Standart, GN 1/2, 32.5x26.5x10 cm",Ana kategori: Tum Urunler -> degistirilmeli + Eksik kategoriler: Set Üstü Mutfak Ekipmanları > Gastronorm Küvetler | Set Üstü Mutfak Ekipmanları > Gastronorm Küvetler > Saplı Gastronorm Küvetler,Tüm Ürünler,"Tüm Ürünler, _X_Gastronorm Küve_da3b6c, Set Üstü Mutfak Ekipmanları"
297,0311.12150.11,"Öztiryakiler Gastronorm Küvet, Saplı, Standart, GN 1/2, 32.5x26.5x15 cm",Ana kategori: Tum Urunler -> degistirilmeli + Eksik kategoriler: Set Üstü Mutfak Ekipmanları > Gastronorm Küvetler | Set Üstü Mutfak Ekipmanları > Gastronorm Küvetler > Saplı Gastronorm Küvetler,Tüm Ürünler,"Tüm Ürünler, _X_Gastronorm Küve_da3b6c, Set Üstü Mutfak Ekipmanları"
298,0311.12200.11,"Öztiryakiler Gastronorm Küvet, Saplı, Standart, GN 1/2, 32.5x26.5x20 cm",Ana kategori: Tum Urunler -> degistirilmeli + Eksik kategoriler: Set Üstü Mutfak Ekipmanları > Gastronorm Küvetler | Set Üstü Mutfak Ekipmanları > Gastronorm Küvetler > Saplı Gastronorm Küvetler,Tüm Ürünler,"Tüm Ürünler, _X_Gastronorm Küve_da3b6c, Set Üstü Mutfak Ekipmanları"
299,0311.12065.11,"Öztiryakiler Gastronorm Küvet, Saplı, Standart, GN 1/2, 32.5x26.5x6.5 cm",Ana kategori: Tum Urunler -> degistirilmeli + Eksik kategoriler: Set Üstü Mutfak Ekipmanları > Gastronorm Küvetler | Set Üstü Mutfak Ekipmanları > Gastronorm Küvetler > Saplı Gastronorm Küvetler,Tüm Ürünler,"Tüm Ürünler, _X_Gastronorm Küve_da3b6c, Set Üstü Mutfak Ekipmanları"
300,0311.13100.11,"Öztiryakiler Gastronorm Küvet, Saplı, Standart, GN 1/3, 32.5x17.6x10 cm",Ana kategori: Tum Urunler -> degistirilmeli + Eksik kategoriler: Set Üstü Mutfak Ekipmanları > Gastronorm Küvetler | Set Üstü Mutfak Ekipmanları > Gastronorm Küvetler > Saplı Gastronorm Küvetler,Tüm Ürünler,"Tüm Ürünler, _X_Gastronorm Küve_da3b6c, Set Üstü Mutfak Ekipmanları"
301,0311.13150.11,"Öztiryakiler Gastronorm Küvet, Saplı, Standart, GN 1/3, 32.5x17.6x15 cm",Ana kategori: Tum Urunler -> degistirilmeli + Eksik kategoriler: Set Üstü Mutfak Ekipmanları > Gastronorm Küvetler | Set Üstü Mutfak Ekipmanları > Gastronorm Küvetler > Saplı Gastronorm Küvetler,Tüm Ürünler,"Tüm Ürünler, _X_Gastronorm Küve_da3b6c, Set Üstü Mutfak Ekipmanları"
302,0311.13200.11,"Öztiryakiler Gastronorm Küvet, Saplı, Standart, GN 1/3, 32.5x17.6x20 cm",Ana kategori: Tum Urunler -> degistirilmeli + Eksik kategoriler: Set Üstü Mutfak Ekipmanları > Gastronorm Küvetler | Set Üstü Mutfak Ekipmanları > Gastronorm Küvetler > Saplı Gastronorm Küvetler,Tüm Ürünler,"Tüm Ürünler, _X_Gastronorm Küve_da3b6c, Set Üstü Mutfak Ekipmanları"
303,0311.13065.11,"Öztiryakiler Gastronorm Küvet, Saplı, Standart, GN 1/3, 32.5x17.6x6.5 cm",Ana kategori: Tum Urunler -> degistirilmeli + Eksik kategoriler: Set Üstü Mutfak Ekipmanları > Gastronorm Küvetler | Set Üstü Mutfak Ekipmanları > Gastronorm Küvetler > Saplı Gastronorm Küvetler,Tüm Ürünler,"Tüm Ürünler, _X_Gastronorm Küve_da3b6c, Set Üstü Mutfak Ekipmanları"
304,0311.14100.11,"Öztiryakiler Gastronorm Küvet, Saplı, Standart, GN 1/4, 26.5x16.2x10 cm",Ana kategori: Tum Urunler -> degistirilmeli + Eksik kategoriler: Set Üstü Mutfak Ekipmanları > Gastronorm Küvetler | Set Üstü Mutfak Ekipmanları > Gastronorm Küvetler > Saplı Gastronorm Küvetler,Tüm Ürünler,"Tüm Ürünler, _X_Gastronorm Küve_da3b6c, Set Üstü Mutfak Ekipmanları"
305,0311.14150.11,"Öztiryakiler Gastronorm Küvet, Saplı, Standart, GN 1/4, 26.5x16.2x15 cm",Ana kategori: Tum Urunler -> degistirilmeli + Eksik kategoriler: Set Üstü Mutfak Ekipmanları > Gastronorm Küvetler | Set Üstü Mutfak Ekipmanları > Gastronorm Küvetler > Saplı Gastronorm Küvetler,Tüm Ürünler,"Tüm Ürünler, _X_Gastronorm Küve_da3b6c, Set Üstü Mutfak Ekipmanları"
306,0311.14200.11,"Öztiryakiler Gastronorm Küvet, Saplı, Standart, GN 1/4, 26.5x16.2x20 cm",Ana kategori: Tum Urunler -> degistirilmeli + Eksik kategoriler: Set Üstü Mutfak Ekipmanları > Gastronorm Küvetler | Set Üstü Mutfak Ekipmanları > Gastronorm Küvetler > Saplı Gastronorm Küvetler,Tüm Ürünler,"Tüm Ürünler, _X_Gastronorm Küve_da3b6c, Set Üstü Mutfak Ekipmanları"
307,0311.14065.11,"Öztiryakiler Gastronorm Küvet, Saplı, Standart, GN 1/4, 26.5x16.2x6.5 cm",Ana kategori: Tum Urunler -> degistirilmeli + Eksik kategoriler: Set Üstü Mutfak Ekipmanları > Gastronorm Küvetler | Set Üstü Mutfak Ekipmanları > Gastronorm Küvetler > Saplı Gastronorm Küvetler,Tüm Ürünler,"Tüm Ürünler, _X_Gastronorm Küve_da3b6c, Set Üstü Mutfak Ekipmanları"
308,0311.16100.11,"Öztiryakiler Gastronorm Küvet, Saplı, Standart, GN 1/6, 17.6x16.2x10 cm",Ana kategori: Tum Urunler -> degistirilmeli + Eksik kategoriler: Set Üstü Mutfak Ekipmanları > Gastronorm Küvetler | Set Üstü Mutfak Ekipmanları > Gastronorm Küvetler > Saplı Gastronorm Küvetler,Tüm Ürünler,"Tüm Ürünler, _X_Gastronorm Küve_da3b6c, Set Üstü Mutfak Ekipmanları"
309,0311.16150.11,"Öztiryakiler Gastronorm Küvet, Saplı, Standart, GN 1/6, 17.6x16.2x15 cm",Ana kategori: Tum Urunler -> degistirilmeli + Eksik kategoriler: Set Üstü Mutfak Ekipmanları > Gastronorm Küvetler | Set Üstü Mutfak Ekipmanları > Gastronorm Küvetler > Saplı Gastronorm Küvetler,Tüm Ürünler,"Tüm Ürünler, _X_Gastronorm Küve_da3b6c, Set Üstü Mutfak Ekipmanları"
310,0311.16200.11,"Öztiryakiler Gastronorm Küvet, Saplı, Standart, GN 1/6, 17.6x16.2x20 cm",Ana kategori: Tum Urunler -> degistirilmeli + Eksik kategoriler: Set Üstü Mutfak Ekipmanları > Gastronorm Küvetler | Set Üstü Mutfak Ekipmanları > Gastronorm Küvetler > Saplı Gastronorm Küvetler,Tüm Ürünler,"Tüm Ürünler, _X_Gastronorm Küve_da3b6c, Set Üstü Mutfak Ekipmanları"
311,0311.16065.11,"Öztiryakiler Gastronorm Küvet, Saplı, Standart, GN 1/6, 17.6x16.2x6.5 cm",Ana kategori: Tum Urunler -> degistirilmeli + Eksik kategoriler: Set Üstü Mutfak Ekipmanları > Gastronorm Küvetler | Set Üstü Mutfak Ekipmanları > Gastronorm Küvetler > Saplı Gastronorm Küvetler,Tüm Ürünler,"Tüm Ürünler, _X_Gastronorm Küve_da3b6c, Set Üstü Mutfak Ekipmanları"
312,0311.21100.11,"Öztiryakiler Gastronorm Küvet, Saplı, Standart, GN 2/1, 65x53x10 cm",Ana kategori: Tum Urunler -> degistirilmeli + Eksik kategoriler: Set Üstü Mutfak Ekipmanları > Gastronorm Küvetler | Set Üstü Mutfak Ekipmanları > Gastronorm Küvetler > Saplı Gastronorm Küvetler,Tüm Ürünler,"Tüm Ürünler, _X_Gastronorm Küve_da3b6c, Set Üstü Mutfak Ekipmanları"
313,0311.21150.11,"Öztiryakiler Gastronorm Küvet, Saplı, Standart, GN 2/1, 65x53x15 cm",Ana kategori: Tum Urunler -> degistirilmeli + Eksik kategoriler: Set Üstü Mutfak Ekipmanları > Gastronorm Küvetler | Set Üstü Mutfak Ekipmanları > Gastronorm Küvetler > Saplı Gastronorm Küvetler,Tüm Ürünler,"Tüm Ürünler, _X_Gastronorm Küve_da3b6c, Set Üstü Mutfak Ekipmanları"
314,0311.21200.11,"Öztiryakiler Gastronorm Küvet, Saplı, Standart, GN 2/1, 65x53x20 cm",Ana kategori: Tum Urunler -> degistirilmeli + Eksik kategoriler: Set Üstü Mutfak Ekipmanları > Gastronorm Küvetler | Set Üstü Mutfak Ekipmanları > Gastronorm Küvetler > Saplı Gastronorm Küvetler,Tüm Ürünler,"Tüm Ürünler, _X_Gastronorm Küve_da3b6c, Set Üstü Mutfak Ekipmanları"
315,0311.21065.11,"Öztiryakiler Gastronorm Küvet, Saplı, Standart, GN 2/1, 65x53x6.5 cm",Ana kategori: Tum Urunler -> degistirilmeli + Eksik kategoriler: Set Üstü Mutfak Ekipmanları > Gastronorm Küvetler | Set Üstü Mutfak Ekipmanları > Gastronorm Küvetler > Saplı Gastronorm Küvetler,Tüm Ürünler,"Tüm Ürünler, _X_Gastronorm Küve_da3b6c, Set Üstü Mutfak Ekipmanları"
316,0311.23100.11,"Öztiryakiler Gastronorm Küvet, Saplı, Standart, GN 2/3, 35.4x32.5x10 cm",Ana kategori: Tum Urunler -> degistirilmeli + Eksik kategoriler: Set Üstü Mutfak Ekipmanları > Gastronorm Küvetler | Set Üstü Mutfak Ekipmanları > Gastronorm Küvetler > Saplı Gastronorm Küvetler,Tüm Ürünler,"Tüm Ürünler, _X_Gastronorm Küve_da3b6c, Set Üstü Mutfak Ekipmanları"
317,0311.23150.11,"Öztiryakiler Gastronorm Küvet, Saplı, Standart, GN 2/3, 35.4x32.5x15 cm",Ana kategori: Tum Urunler -> degistirilmeli + Eksik kategoriler: Set Üstü Mutfak Ekipmanları > Gastronorm Küvetler | Set Üstü Mutfak Ekipmanları > Gastronorm Küvetler > Saplı Gastronorm Küvetler,Tüm Ürünler,"Tüm Ürünler, _X_Gastronorm Küve_da3b6c, Set Üstü Mutfak Ekipmanları"
318,0311.23200.11,"Öztiryakiler Gastronorm Küvet, Saplı, Standart, GN 2/3, 35.4x32.5x20 cm",Ana kategori: Tum Urunler -> degistirilmeli + Eksik kategoriler: Set Üstü Mutfak Ekipmanları > Gastronorm Küvetler | Set Üstü Mutfak Ekipmanları > Gastronorm Küvetler > Saplı Gastronorm Küvetler,Tüm Ürünler,"Tüm Ürünler, _X_Gastronorm Küve_da3b6c, Set Üstü Mutfak Ekipmanları"
319,0311.23065.11,"Öztiryakiler Gastronorm Küvet, Saplı, Standart, GN 2/3, 35.4x32.5x6.5 cm",Ana kategori: Tum Urunler -> degistirilmeli + Eksik kategoriler: Set Üstü Mutfak Ekipmanları > Gastronorm Küvetler | Set Üstü Mutfak Ekipmanları > Gastronorm Küvetler > Saplı Gastronorm Küvetler,Tüm Ürünler,"Tüm Ürünler, _X_Gastronorm Küve_da3b6c, Set Üstü Mutfak Ekipmanları"
320,9740.COD21.46,Öztiryakiler Gia Dos Bardak Basketi 40x40 cm,Ana kategori: Tum Urunler -> degistirilmeli + Eksik kategoriler: Bulaşıkhane Ekipmanları > Bulaşık Makinesi Basketleri,Tüm Ürünler,"Tüm Ürünler, Bulaşıkhane Ekipmanları"
321,9740.COD21.50,Öztiryakiler Gia Dos Bulaşık Yıkama Basketi 40x40x11 cm,Ana kategori: Tum Urunler -> degistirilmeli + Eksik kategoriler: Bulaşıkhane Ekipmanları > Bulaşık Makinesi Basketleri,Tüm Ürünler,"Tüm Ürünler, Bulaşıkhane Ekipmanları"
322,7959.87579.50,Öztiryakiler Havuzlu Boş Toplama Arabası 80*55,Eksik kategoriler: Servis ve Teşhir Üniteleri > Çok Amaçlı Arabalar,_X_Çok Amaçlı Arab_0d87a2,"_X_Çok Amaçlı Arab_0d87a2, Tüm Ürünler, Servis ve Teşhir Üniteleri"
323,7EKO.10159.00,Öztiryakiler Katlanır Oda Servis Arabası 89x74 cm,Eksik kategoriler: Servis ve Teşhir Üniteleri > Çok Amaçlı Arabalar,_X_Çok Amaçlı Arab_0d87a2,"_X_Çok Amaçlı Arab_0d87a2, Tüm Ürünler, Servis ve Teşhir Üniteleri"
324,7EKO.50531.00,Öztiryakiler Katlı Tabak İstif Arabası 73x182 cm,Eksik kategoriler: Servis ve Teşhir Üniteleri > Çok Amaçlı Arabalar,_X_Çok Amaçlı Arab_0d87a2,"_X_Çok Amaçlı Arab_0d87a2, Tüm Ürünler, Servis ve Teşhir Üniteleri"
325,7772.06080.01,Öztiryakiler Kazan Taşıma Arabası 60*80,Eksik kategoriler: Servis ve Teşhir Üniteleri > Çok Amaçlı Arabalar,_X_Çok Amaçlı Arab_0d87a2,"_X_Çok Amaçlı Arab_0d87a2, Tüm Ürünler, Servis ve Teşhir Üniteleri"
326,0339.01313.01,Öztiryakiler Makarna Fritözü Sepeti 13x13x20 cm,Eksik kategoriler: Ana Mutfak Ekipmanları > 700 Seri > Fritözler | Ana Mutfak Ekipmanları > 700 Seri,Dönerci Ekipmanları,"Dönerci Ekipmanları, Ana Mutfak Ekipmanları, Tüm Ürünler"
327,0339.02808.01,Öztiryakiler Makarna Fritözü Sepeti 28x8x20 cm,Eksik kategoriler: Ana Mutfak Ekipmanları > 700 Seri > Fritözler | Ana Mutfak Ekipmanları > 700 Seri,Dönerci Ekipmanları,"Dönerci Ekipmanları, Ana Mutfak Ekipmanları, Tüm Ürünler"
328,9805.ODB14.0A,Öztiryakiler ODB140A Hızlı Küp Buz Makinesi Kapasite 140 kg/gün,Eksik kategoriler: Ana Mutfak Ekipmanları > Buz Makinesi > Öztiryakiler Buz Makineleri | Ana Mutfak Ekipmanları > Buz Makinesi,Ana Mutfak Ekipmanları,"Ana Mutfak Ekipmanları, Tüm Ürünler"
329,9805.ODB20.0A,Öztiryakiler ODB200A Hızlı Küp Buz Makinesi Kapasite 200 kg/gün,Eksik kategoriler: Ana Mutfak Ekipmanları > Buz Makinesi > Öztiryakiler Buz Makineleri | Ana Mutfak Ekipmanları > Buz Makinesi,Ana Mutfak Ekipmanları,"Ana Mutfak Ekipmanları, Tüm Ürünler"
330,9805.ODB41.4A,Öztiryakiler ODB414A Hızlı Küp Buz Makinesi Kapasite 414 kg/gün,Eksik kategoriler: Ana Mutfak Ekipmanları > Buz Makinesi > Öztiryakiler Buz Makineleri | Ana Mutfak Ekipmanları > Buz Makinesi,Ana Mutfak Ekipmanları,"Ana Mutfak Ekipmanları, Tüm Ürünler"
331,9805.OFB10.0A,Öztiryakiler OFB100A Kar Buz Makinesi Kapasite 95 kg/gün,Eksik kategoriler: Ana Mutfak Ekipmanları > Buz Makinesi > Öztiryakiler Buz Makineleri | Ana Mutfak Ekipmanları > Buz Makinesi,Ana Mutfak Ekipmanları,"Ana Mutfak Ekipmanları, Tüm Ürünler"
332,9805.OFB16.5A,Öztiryakiler OFB165A Kar Buz Makinesi Kapasite 160 kg/gün,Eksik kategoriler: Ana Mutfak Ekipmanları > Buz Makinesi > Öztiryakiler Buz Makineleri | Ana Mutfak Ekipmanları > Buz Makinesi,Ana Mutfak Ekipmanları,"Ana Mutfak Ekipmanları, Tüm Ürünler"
333,9805.OFB32.0A,Öztiryakiler OFB320A Kar Buz Makinesi Kapasite 320 kg/gün,Eksik kategoriler: Ana Mutfak Ekipmanları > Buz Makinesi > Öztiryakiler Buz Makineleri | Ana Mutfak Ekipmanları > Buz Makinesi,Ana Mutfak Ekipmanları,"Ana Mutfak Ekipmanları, Tüm Ürünler"
334,7864.N1.40703.04C,Öztiryakiler OGE 4070 C Grill Plate Düz Elektrikli 40x70 cm Sert Krom Kaplı,Eksik kategoriler: Ana Mutfak Ekipmanları > 700 Seri > Izgaralar | Ana Mutfak Ekipmanları > 700 Seri,Ana Mutfak Ekipmanları,"Ana Mutfak Ekipmanları, Tüm Ürünler"
335,7864.N1.40703.01C,Öztiryakiler OGE 4070 N C Grill Plate Oluklu Elektirikli 40x70 cm Sert Krom Kaplı,Eksik kategoriler: Ana Mutfak Ekipmanları > 700 Seri > Izgaralar | Ana Mutfak Ekipmanları > 700 Seri,Ana Mutfak Ekipmanları,"Ana Mutfak Ekipmanları, Tüm Ürünler"
336,7864.N1.80703.14C,Öztiryakiler OGE 8070 1/2 N C Grill Plate Yarı Oluklu Elektrikli 80x70 cm Krom,Eksik kategoriler: Ana Mutfak Ekipmanları > 700 Seri > Izgaralar | Ana Mutfak Ekipmanları > 700 Seri,Ana Mutfak Ekipmanları,"Ana Mutfak Ekipmanları, Tüm Ürünler"
337,7864.N1.80703.17C,Öztiryakiler OGE 8070 C Grill Plate Düz Elektrikli 80x70 cm Sert Krom Kaplı,Eksik kategoriler: Ana Mutfak Ekipmanları > 700 Seri > Izgaralar | Ana Mutfak Ekipmanları > 700 Seri,Ana Mutfak Ekipmanları,"Ana Mutfak Ekipmanları, Tüm Ürünler"
338,7864.N1.80703.11C,Öztiryakiler OGE 8070 N C Grill Plate Oluklu Elektrikli 80x70 cm Sert Krom Kaplı,Eksik kategoriler: Ana Mutfak Ekipmanları > 700 Seri > Izgaralar | Ana Mutfak Ekipmanları > 700 Seri,Ana Mutfak Ekipmanları,"Ana Mutfak Ekipmanları, Tüm Ürünler"
339,7864.N1.40703.06C,Öztiryakiler OGG 4070 Grill Plate Düz Gazlı 40x70x30 cm Sert Krom Kaplı,Eksik kategoriler: Ana Mutfak Ekipmanları > 700 Seri > Izgaralar | Ana Mutfak Ekipmanları > 700 Seri,Ana Mutfak Ekipmanları,"Ana Mutfak Ekipmanları, Tüm Ürünler"
340,7864.N1.40703.03C,Öztiryakiler OGG 4070 N Grill Plate Oluklu Gazlı 40x70x30 cm Sert Krom Kaplı,Eksik kategoriler: Ana Mutfak Ekipmanları > 700 Seri > Izgaralar | Ana Mutfak Ekipmanları > 700 Seri,Ana Mutfak Ekipmanları,"Ana Mutfak Ekipmanları, Tüm Ürünler"
341,7864.N1.80703.16C,Öztiryakiler OGG 8070 Grill Plate Yarı Oluklu Gazlı 80x70 cm Sert Krom Kaplı,Eksik kategoriler: Ana Mutfak Ekipmanları > 700 Seri > Izgaralar | Ana Mutfak Ekipmanları > 700 Seri,Ana Mutfak Ekipmanları,"Ana Mutfak Ekipmanları, Tüm Ürünler"
342,7864.N1.80703.13C,Öztiryakiler OGG 8070 N Grill Plate Oluklu Gazlı 80x70 cm Sert Krom Kaplı,Eksik kategoriler: Ana Mutfak Ekipmanları > 700 Seri > Izgaralar | Ana Mutfak Ekipmanları > 700 Seri,Ana Mutfak Ekipmanları,"Ana Mutfak Ekipmanları, Tüm Ürünler"
343,9805.OKB158.00,"Öztiryakiler OKB158 Buz Makinesi 158 Kg/Gün Kapasiteli, Kendinden Hazneli",Eksik kategoriler: Ana Mutfak Ekipmanları > Buz Makinesi > Öztiryakiler Buz Makineleri | Ana Mutfak Ekipmanları > Buz Makinesi,Ana Mutfak Ekipmanları,"Ana Mutfak Ekipmanları, Tüm Ürünler"
344,9805.OKB22.A0,Öztiryakiler OKB22A Hazneli Küp Buz Makinesi Kapasite 22 kg/gün,Eksik kategoriler: Ana Mutfak Ekipmanları > Buz Makinesi > Öztiryakiler Buz Makineleri | Ana Mutfak Ekipmanları > Buz Makinesi,Ana Mutfak Ekipmanları,"Ana Mutfak Ekipmanları, Tüm Ürünler"
345,9805.OKB25.A0,Öztiryakiler OKB25A Hazneli Küp Buz Makinesi Kapasite 28 kg/gün,Eksik kategoriler: Ana Mutfak Ekipmanları > Buz Makinesi > Öztiryakiler Buz Makineleri | Ana Mutfak Ekipmanları > Buz Makinesi,Ana Mutfak Ekipmanları,"Ana Mutfak Ekipmanları, Tüm Ürünler"
346,9805.OKB37.A0,Öztiryakiler OKB37A Hazneli Küp Buz Makinesi Kapasite 37 kg/gün,Eksik kategoriler: Ana Mutfak Ekipmanları > Buz Makinesi > Öztiryakiler Buz Makineleri | Ana Mutfak Ekipmanları > Buz Makinesi,Ana Mutfak Ekipmanları,"Ana Mutfak Ekipmanları, Tüm Ürünler"
347,9805.OKB46.A0,Öztiryakiler OKB46A Hazneli Küp Buz Makinesi Kapasite 46 kg/gün,Eksik kategoriler: Ana Mutfak Ekipmanları > Buz Makinesi > Öztiryakiler Buz Makineleri | Ana Mutfak Ekipmanları > Buz Makinesi,Ana Mutfak Ekipmanları,"Ana Mutfak Ekipmanları, Tüm Ürünler"
348,9805.OKB68.A0,Öztiryakiler OKB68A Hazneli Küp Buz Makinesi Kapasite 68 kg/gün,Eksik kategoriler: Ana Mutfak Ekipmanları > Buz Makinesi > Öztiryakiler Buz Makineleri | Ana Mutfak Ekipmanları > Buz Makinesi,Ana Mutfak Ekipmanları,"Ana Mutfak Ekipmanları, Tüm Ürünler"
349,9805.OKB88.A0,Öztiryakiler OKB88A Hazneli Küp Buz Makinesi Kapasite 88 kg/gün,Eksik kategoriler: Ana Mutfak Ekipmanları > Buz Makinesi > Öztiryakiler Buz Makineleri | Ana Mutfak Ekipmanları > Buz Makinesi,Ana Mutfak Ekipmanları,"Ana Mutfak Ekipmanları, Tüm Ürünler"
350,7865.N1.10100.10,Öztiryakiler OSOGF 1010 Kuzine 1m² Ekonomik  Gazlı,Eksik kategoriler: Ana Mutfak Ekipmanları > 900 Seri | Ana Mutfak Ekipmanları > 900 Seri > Fırınlı Kuzineler,Ana Mutfak Ekipmanları,"Ana Mutfak Ekipmanları, Tüm Ürünler"
351,7EKO.10119.00,Öztiryakiler Oda Servis Arabası 90x74 cm,Eksik kategoriler: Servis ve Teşhir Üniteleri > Çok Amaçlı Arabalar,_X_Çok Amaçlı Arab_0d87a2,"_X_Çok Amaçlı Arab_0d87a2, Tüm Ürünler, Servis ve Teşhir Üniteleri"
352,8325.B5150.5060P,"Öztiryakiler Paslanmaz Platform Tartım Baskülü, 150 kg, 40x50 cm",Eksik kategoriler: Hazırlık Ekipmanları > Mutfak Terazileri,Hazırlık Ekipmanları,"Hazırlık Ekipmanları, Tüm Ürünler"
353,8325.B5300.7080P,"Öztiryakiler Paslanmaz Platform Tartım Baskülü, 300 kg, 70×80 cm",Eksik kategoriler: Hazırlık Ekipmanları > Mutfak Terazileri,Hazırlık Ekipmanları,"Hazırlık Ekipmanları, Tüm Ürünler"
354,8999.00927.00,Öztiryakiler Platemate 125PM 84 Uyumlu Tabak Taşıma Arabası Örtüsü,Eksik kategoriler: Servis ve Teşhir Üniteleri > Çok Amaçlı Arabalar,_X_Çok Amaçlı Arab_0d87a2,"_X_Çok Amaçlı Arab_0d87a2, Tüm Ürünler, Servis ve Teşhir Üniteleri"
355,8959.135PM.84,Öztiryakiler Platemate 135PM 84 Katlanabilir Tabak Taşıma Arabası,Eksik kategoriler: Servis ve Teşhir Üniteleri > Çok Amaçlı Arabalar,_X_Çok Amaçlı Arab_0d87a2,"_X_Çok Amaçlı Arab_0d87a2, Tüm Ürünler, Servis ve Teşhir Üniteleri"
356,8999.00928.00,Öztiryakiler Platemate 135PM 84 Uyumlu Tabak Taşıma Arabası Örtüsü,Eksik kategoriler: Servis ve Teşhir Üniteleri > Çok Amaçlı Arabalar,_X_Çok Amaçlı Arab_0d87a2,"_X_Çok Amaçlı Arab_0d87a2, Tüm Ürünler, Servis ve Teşhir Üniteleri"
357,8959.145PM.60,Öztiryakiler Platemate 140PM 60 Katlanabilir Tabak Taşıma Arabası,Eksik kategoriler: Servis ve Teşhir Üniteleri > Çok Amaçlı Arabalar,_X_Çok Amaçlı Arab_0d87a2,"_X_Çok Amaçlı Arab_0d87a2, Tüm Ürünler, Servis ve Teşhir Üniteleri"
358,8999.00929.00,Öztiryakiler Platemate 145PM 60 Uyumlu Tabak Taşıma Arabası Örtüsü,Eksik kategoriler: Servis ve Teşhir Üniteleri > Çok Amaçlı Arabalar,_X_Çok Amaçlı Arab_0d87a2,"_X_Çok Amaçlı Arab_0d87a2, Tüm Ürünler, Servis ve Teşhir Üniteleri"
359,8959.155PM.48,Öztiryakiler Platemate 155PM 48 Katlanabilir Tabak Taşıma Arabası,Eksik kategoriler: Servis ve Teşhir Üniteleri > Çok Amaçlı Arabalar,_X_Çok Amaçlı Arab_0d87a2,"_X_Çok Amaçlı Arab_0d87a2, Tüm Ürünler, Servis ve Teşhir Üniteleri"
360,8999.00926.00,Öztiryakiler Platemate 180PM 168 Uyumlu Tabak Taşıma Arabası Örtüsü,Eksik kategoriler: Servis ve Teşhir Üniteleri > Çok Amaçlı Arabalar,_X_Çok Amaçlı Arab_0d87a2,"_X_Çok Amaçlı Arab_0d87a2, Tüm Ürünler, Servis ve Teşhir Üniteleri"
361,8959.125PM.84,Öztiryakiler Platemate Tabak Taşıma Arabası,Eksik kategoriler: Servis ve Teşhir Üniteleri > Çok Amaçlı Arabalar,_X_Çok Amaçlı Arab_0d87a2,"_X_Çok Amaçlı Arab_0d87a2, Tüm Ürünler, Servis ve Teşhir Üniteleri"
362,8325.B5150.5060,"Öztiryakiler Platform Tartım Baskülü, 150 kg, 50×60 cm",Eksik kategoriler: Hazırlık Ekipmanları > Mutfak Terazileri,Hazırlık Ekipmanları,"Hazırlık Ekipmanları, Tüm Ürünler"
363,8325.B5300.5060,"Öztiryakiler Platform Tartım Baskülü, 300 kg, 50×60 cm",Eksik kategoriler: Hazırlık Ekipmanları > Mutfak Terazileri,Hazırlık Ekipmanları,"Hazırlık Ekipmanları, Tüm Ürünler"
364,8325.B5300.7080,"Öztiryakiler Platform Tartım Baskülü, 300 kg, 70×80 cm",Eksik kategoriler: Hazırlık Ekipmanları > Mutfak Terazileri,Hazırlık Ekipmanları,"Hazırlık Ekipmanları, Tüm Ürünler"
365,8325.B5060.4050,"Öztiryakiler Platform Tartım Baskülü, 60 kg, 40x50 cm",Eksik kategoriler: Hazırlık Ekipmanları > Mutfak Terazileri,Hazırlık Ekipmanları,"Hazırlık Ekipmanları, Tüm Ürünler"
366,8325.B5600.8090,"Öztiryakiler Platform Tartım Baskülü, 600 kg, 80×90 cm",Eksik kategoriler: Hazırlık Ekipmanları > Mutfak Terazileri,Hazırlık Ekipmanları,"Hazırlık Ekipmanları, Tüm Ürünler"
367,8895.TTA37.53,"Öztiryakiler Polietilen Tepsi Taşıma Arabası, 12 Çift Raflı, 24 Tepsi Kapasiteli",Eksik kategoriler: Servis ve Teşhir Üniteleri > Çok Amaçlı Arabalar,_X_Çok Amaçlı Arab_0d87a2,"_X_Çok Amaçlı Arab_0d87a2, Tüm Ürünler, Servis ve Teşhir Üniteleri"
368,7855.00300.02,Öztiryakiler Sabit Model İndirekt Kaynatma Tenceresi 300 Lt Elektrikli,Eksik kategoriler: Ana Mutfak Ekipmanları > 900 Seri > Kaynatma Tencereleri,900 Seri,"900 Seri, Ana Mutfak Ekipmanları, Tüm Ürünler"
369,7855.00300.01,Öztiryakiler Sabit Model İndirekt Kaynatma Tenceresi 300 Lt Gazlı,Eksik kategoriler: Ana Mutfak Ekipmanları > 900 Seri > Kaynatma Tencereleri,900 Seri,"900 Seri, Ana Mutfak Ekipmanları, Tüm Ürünler"
370,7855.00400.02,Öztiryakiler Sabit Model İndirekt Kaynatma Tenceresi 400 Lt Elektrikli,Eksik kategoriler: Ana Mutfak Ekipmanları > 900 Seri > Kaynatma Tencereleri,900 Seri,"900 Seri, Ana Mutfak Ekipmanları, Tüm Ürünler"
371,7855.00400.01,Öztiryakiler Sabit Model İndirekt Kaynatma Tenceresi 400 Lt Gazlı,Eksik kategoriler: Ana Mutfak Ekipmanları > 900 Seri > Kaynatma Tencereleri,900 Seri,"900 Seri, Ana Mutfak Ekipmanları, Tüm Ürünler"
372,7855.00500.01,Öztiryakiler Sabit Model İndirekt Kaynatma Tenceresi 500 Lt Gazlı,Eksik kategoriler: Ana Mutfak Ekipmanları > 900 Seri > Kaynatma Tencereleri,900 Seri,"900 Seri, Ana Mutfak Ekipmanları, Tüm Ürünler"
373,7855.00500.02,Öztiryakiler Sabit Model İndirekt Kaynatma Tenceresi Silindirik Kazanlı 500 lt Elektrikli,Eksik kategoriler: Ana Mutfak Ekipmanları > 900 Seri > Kaynatma Tencereleri,900 Seri,"900 Seri, Ana Mutfak Ekipmanları, Tüm Ürünler"
374,0913.00508.01,Öztiryakiler Servis Arabası Üç Katlı Demonte 55x80 cm,Eksik kategoriler: Servis ve Teşhir Üniteleri > Çok Amaçlı Arabalar,_X_Çok Amaçlı Arab_0d87a2,"_X_Çok Amaçlı Arab_0d87a2, Tüm Ürünler, Servis ve Teşhir Üniteleri"
375,0913.00507.01,Öztiryakiler Servis Arabası İki Katlı Demonte 55x80 cm,Eksik kategoriler: Servis ve Teşhir Üniteleri > Çok Amaçlı Arabalar,_X_Çok Amaçlı Arab_0d87a2,"_X_Çok Amaçlı Arab_0d87a2, Tüm Ürünler, Servis ve Teşhir Üniteleri"
376,7876.N1.40705.10,Öztiryakiler Set Altı Dolap 40'lık Kapısız Önü Açık 40x58 cm,Eksik kategoriler: Ana Mutfak Ekipmanları > 700 Seri > Set Altı Dolaplar | Ana Mutfak Ekipmanları > 700 Seri,Ana Mutfak Ekipmanları,"Ana Mutfak Ekipmanları, Tüm Ürünler"
377,7876.N1.80705.10,Öztiryakiler Set Altı Dolap 80'lik Kapısız Önü Açık 80x58 cm,Eksik kategoriler: Ana Mutfak Ekipmanları > 700 Seri > Set Altı Dolaplar | Ana Mutfak Ekipmanları > 700 Seri,Ana Mutfak Ekipmanları,"Ana Mutfak Ekipmanları, Tüm Ürünler"
378,7876.12070.00,Öztiryakiler Set Altı Dolaplı Tezgah 120x70x55 cm,Eksik kategoriler: Ana Mutfak Ekipmanları > 700 Seri > Set Altı Dolaplar | Ana Mutfak Ekipmanları > 700 Seri,Ana Mutfak Ekipmanları,"Ana Mutfak Ekipmanları, Tüm Ürünler"
379,7876.14070.00,Öztiryakiler Set Altı Dolaplı Tezgah 140x70x55 cm,Eksik kategoriler: Ana Mutfak Ekipmanları > 700 Seri > Set Altı Dolaplar | Ana Mutfak Ekipmanları > 700 Seri,Ana Mutfak Ekipmanları,"Ana Mutfak Ekipmanları, Tüm Ürünler"
380,7876.16070.00,Öztiryakiler Set Altı Dolaplı Tezgah 160x70x55 cm,Eksik kategoriler: Ana Mutfak Ekipmanları > 700 Seri > Set Altı Dolaplar | Ana Mutfak Ekipmanları > 700 Seri,Ana Mutfak Ekipmanları,"Ana Mutfak Ekipmanları, Tüm Ürünler"
381,7876.19070.00,Öztiryakiler Set Altı Dolaplı Tezgah 190x70x55 cm,Eksik kategoriler: Ana Mutfak Ekipmanları > 700 Seri > Set Altı Dolaplar | Ana Mutfak Ekipmanları > 700 Seri,Ana Mutfak Ekipmanları,"Ana Mutfak Ekipmanları, Tüm Ürünler"
382,7912.15894.W0,"Öztiryakiler Sıcak Servis Ünitesi, 4 1/1 GN, Ceviz",Ana kategori: Tum Urunler -> degistirilmeli + Eksik kategoriler: Servis ve Teşhir Üniteleri > Sıcak Servis Üniteleri,Tüm Ürünler,"Tüm Ürünler, Servis ve Teşhir Üniteleri"
383,7912.15894.M0,"Öztiryakiler Sıcak Servis Ünitesi, 4 1/1 GN, Maun",Ana kategori: Tum Urunler -> degistirilmeli + Eksik kategoriler: Servis ve Teşhir Üniteleri > Sıcak Servis Üniteleri,Tüm Ürünler,"Tüm Ürünler, Servis ve Teşhir Üniteleri"
384,7912.15894.O0,"Öztiryakiler Sıcak Servis Ünitesi, 4 1/1 GN, Meşe",Ana kategori: Tum Urunler -> degistirilmeli + Eksik kategoriler: Servis ve Teşhir Üniteleri > Sıcak Servis Üniteleri,Tüm Ürünler,"Tüm Ürünler, Servis ve Teşhir Üniteleri"
385,0114.09020.04,Öztiryakiler Sığ Helvane Tencere Kapaklı 90X20 Cm,Eksik kategoriler: Set Üstü Mutfak Ekipmanları > Tencereler > Sığ Tencereler | Set Üstü Mutfak Ekipmanları > Tencereler,_X_Sığ Tencereler_5fd2d4,"_X_Sığ Tencereler_5fd2d4, Tüm Ürünler, _X_Tencereler_eeda52, Set Üstü Mutfak Ekipmanları"
386,0114.11025.04,"Öztiryakiler Sığ Helvane Tencere, Kapaklı 110X25 Cm",Eksik kategoriler: Set Üstü Mutfak Ekipmanları > Tencereler > Sığ Tencereler | Set Üstü Mutfak Ekipmanları > Tencereler,_X_Sığ Tencereler_5fd2d4,"_X_Sığ Tencereler_5fd2d4, Tüm Ürünler, _X_Tencereler_eeda52, Set Üstü Mutfak Ekipmanları"
387,0114.07020.02,"Öztiryakiler Sığ Helvane Tencere, Kapaklı 70X20 Cm",Eksik kategoriler: Set Üstü Mutfak Ekipmanları > Tencereler > Sığ Tencereler | Set Üstü Mutfak Ekipmanları > Tencereler,_X_Sığ Tencereler_5fd2d4,"_X_Sığ Tencereler_5fd2d4, Tüm Ürünler, _X_Tencereler_eeda52, Set Üstü Mutfak Ekipmanları"
388,0114.08020.02,"Öztiryakiler Sığ Helvane Tencere, Kapaklı 80X20 Cm",Eksik kategoriler: Set Üstü Mutfak Ekipmanları > Tencereler > Sığ Tencereler | Set Üstü Mutfak Ekipmanları > Tencereler,_X_Sığ Tencereler_5fd2d4,"_X_Sığ Tencereler_5fd2d4, Tüm Ürünler, _X_Tencereler_eeda52, Set Üstü Mutfak Ekipmanları"
389,8959.TIA20.00,Öztiryakiler TIA20 Tabak Taşıma Arabası,Eksik kategoriler: Servis ve Teşhir Üniteleri > Çok Amaçlı Arabalar,_X_Çok Amaçlı Arab_0d87a2,"_X_Çok Amaçlı Arab_0d87a2, Tüm Ürünler, Servis ve Teşhir Üniteleri"
390,8740.0TB50.00,Öztiryakiler Tabak Basketi 50*50*10 cm,Ana kategori: Tum Urunler -> degistirilmeli + Eksik kategoriler: Bulaşıkhane Ekipmanları > Bulaşık Makinesi Basketleri,Tüm Ürünler,"Tüm Ürünler, Bulaşıkhane Ekipmanları"
391,8959.TIA80.00,Öztiryakiler Tabak Taşıma Arabası 125 Tabak 72x72x182 cm,Eksik kategoriler: Servis ve Teşhir Üniteleri > Çok Amaçlı Arabalar,_X_Çok Amaçlı Arab_0d87a2,"_X_Çok Amaçlı Arab_0d87a2, Tüm Ürünler, Servis ve Teşhir Üniteleri"
392,7959.10052.80,Öztiryakiler Tabak Taşıma Arabası 98*50,Eksik kategoriler: Servis ve Teşhir Üniteleri > Çok Amaçlı Arabalar,_X_Çok Amaçlı Arab_0d87a2,"_X_Çok Amaçlı Arab_0d87a2, Tüm Ürünler, Servis ve Teşhir Üniteleri"
393,8740.00009.00,Öztiryakiler Tepsi Basketi,Ana kategori: Tum Urunler -> degistirilmeli + Eksik kategoriler: Bulaşıkhane Ekipmanları > Bulaşık Makinesi Basketleri,Tüm Ürünler,"Tüm Ürünler, Bulaşıkhane Ekipmanları"
394,7895.46615.00,Öztiryakiler Tepsi Taşıma Arabası 40x60 cm Tepsi 20 Raflı Demonte,Eksik kategoriler: Servis ve Teşhir Üniteleri > Çok Amaçlı Arabalar,_X_Çok Amaçlı Arab_0d87a2,"_X_Çok Amaçlı Arab_0d87a2, Tüm Ürünler, Servis ve Teşhir Üniteleri"
395,7895.46615.01,Öztiryakiler Tepsi Taşıma Arabası 40x60 cm Tepsi 20 Raflı Monte,Eksik kategoriler: Servis ve Teşhir Üniteleri > Çok Amaçlı Arabalar,_X_Çok Amaçlı Arab_0d87a2,"_X_Çok Amaçlı Arab_0d87a2, Tüm Ürünler, Servis ve Teşhir Üniteleri"
396,7895.40550.00,Öztiryakiler Tepsi Taşıma Arabası GN 1/1 17 Raflı Demonte,Eksik kategoriler: Servis ve Teşhir Üniteleri > Çok Amaçlı Arabalar,_X_Çok Amaçlı Arab_0d87a2,"_X_Çok Amaçlı Arab_0d87a2, Tüm Ürünler, Servis ve Teşhir Üniteleri"
397,7895.40550.01,Öztiryakiler Tepsi Taşıma Arabası GN 1/1 17 Raflı Monte,Eksik kategoriler: Servis ve Teşhir Üniteleri > Çok Amaçlı Arabalar,_X_Çok Amaçlı Arab_0d87a2,"_X_Çok Amaçlı Arab_0d87a2, Tüm Ürünler, Servis ve Teşhir Üniteleri"
398,7895.58660.00,Öztiryakiler Tepsi Taşıma Arabası GN 2/1 17 Raflı Demonte,Eksik kategoriler: Servis ve Teşhir Üniteleri > Çok Amaçlı Arabalar,_X_Çok Amaçlı Arab_0d87a2,"_X_Çok Amaçlı Arab_0d87a2, Tüm Ürünler, Servis ve Teşhir Üniteleri"
399,7895.58660.01,Öztiryakiler Tepsi Taşıma Arabası GN 2/1 17 Raflı Monte,Eksik kategoriler: Servis ve Teşhir Üniteleri > Çok Amaçlı Arabalar,_X_Çok Amaçlı Arab_0d87a2,"_X_Çok Amaçlı Arab_0d87a2, Tüm Ürünler, Servis ve Teşhir Üniteleri"
400,7959.55302.02,Öztiryakiler Tepsi İstifleme Ünitesi,Eksik kategoriler: Servis ve Teşhir Üniteleri > Çok Amaçlı Arabalar,_X_Çok Amaçlı Arab_0d87a2,"_X_Çok Amaçlı Arab_0d87a2, Tüm Ürünler, Servis ve Teşhir Üniteleri"
401,7370.50505.80,Öztiryakiler Un Şeker Arabası 50*50 Paslanmaz,Eksik kategoriler: Servis ve Teşhir Üniteleri > Çok Amaçlı Arabalar,_X_Çok Amaçlı Arab_0d87a2,"_X_Çok Amaçlı Arab_0d87a2, Tüm Ürünler, Servis ve Teşhir Üniteleri"
402,7370.64436.80,Öztiryakiler Un Şeker Arabası Paslanmaz 45x65 cm,Eksik kategoriler: Servis ve Teşhir Üniteleri > Çok Amaçlı Arabalar,_X_Çok Amaçlı Arab_0d87a2,"_X_Çok Amaçlı Arab_0d87a2, Tüm Ürünler, Servis ve Teşhir Üniteleri"
403,8370.USA10.20,Öztiryakiler Un Şeker Arabası USA102 LT,Eksik kategoriler: Servis ve Teşhir Üniteleri > Çok Amaçlı Arabalar,_X_Çok Amaçlı Arab_0d87a2,"_X_Çok Amaçlı Arab_0d87a2, Tüm Ürünler, Servis ve Teşhir Üniteleri"
404,7772.06080.00,Öztiryakiler Yük Taşıma Arabası 60*80,Eksik kategoriler: Servis ve Teşhir Üniteleri > Çok Amaçlı Arabalar,_X_Çok Amaçlı Arab_0d87a2,"_X_Çok Amaçlı Arab_0d87a2, Tüm Ürünler, Servis ve Teşhir Üniteleri"
405,8740.CKB50.00,Öztiryakiler Çatal Kaşık Basketi 50*50,Ana kategori: Tum Urunler -> degistirilmeli + Eksik kategoriler: Bulaşıkhane Ekipmanları > Bulaşık Makinesi Basketleri,Tüm Ürünler,"Tüm Ürünler, Bulaşıkhane Ekipmanları"
406,8740.00008.00,Öztiryakiler Çatal Kaşık Basketi 8 (Sekiz) Bölmeli,Ana kategori: Tum Urunler -> degistirilmeli + Eksik kategoriler: Bulaşıkhane Ekipmanları > Bulaşık Makinesi Basketleri,Tüm Ürünler,"Tüm Ürünler, Bulaşıkhane Ekipmanları"
407,8999.K3000.00,Öztiryakiler Çatal Kaşık Bıçak Kurutma Ve Parlatma Makinesi,Ana kategori: Tum Urunler -> degistirilmeli + Eksik kategoriler: Bulaşıkhane Ekipmanları > Çatal Kaşık Bıçak Kurutma Ve Parlatma,Tüm Ürünler,"Tüm Ürünler, Bulaşıkhane Ekipmanları, _X_Çatal Kaşık Bıç_bfd4af"
408,7855.N1.10118.07,Öztiryakiler İndirekt Silindirik Kazanlı Kaynatma Tenceresi 250 Lt Elektrikli,Eksik kategoriler: Ana Mutfak Ekipmanları > 900 Seri > Kaynatma Tencereleri,900 Seri,"900 Seri, Ana Mutfak Ekipmanları, Tüm Ürünler"
409,7855.N1.10118.03,Öztiryakiler İndirekt Silindirik Kazanlı Kaynatma Tenceresi 250 Lt Gazlı,Eksik kategoriler: Ana Mutfak Ekipmanları > 900 Seri > Kaynatma Tencereleri,900 Seri,"900 Seri, Ana Mutfak Ekipmanları, Tüm Ürünler"
