Kategori Adi,Ust Kategori,Tam Yol
Açık Büfe Ekipmanları,,Açık Büfe Ekipmanları
Açık Büfe Sunumları,Açık Büfe Ekipmanları,Açık Büfe Ekipmanları > Açık Büfe Sunumları
Açık Büfe Servis Dispanserleri,Açık Büfe Sunumları,Açık Büfe Ekipmanları > Açık Büfe Sunumları > Açık Büfe Servis Dispanserleri
Açık Büfe Servis Hatları,Açık Büfe Sunumları,Açık Büfe Ekipmanları > Açık Büfe Sunumları > Açık Büfe Servis Hatları
Cafe Bar Düzenleme Standları,Açık Büfe Sunumları,Açık Büfe Ekipmanları > Açık Büfe Sunumları > Cafe Bar Düzenleme Standları
Isıtıcı Lambalar,Açık Büfe Sunumları,Açık Büfe Ekipmanları > Açık Büfe Sunumları > Isıtıcı Lambalar
Sunum ve Servis Standları,Açık Büfe Sunumları,Açık Büfe Ekipmanları > Açık Büfe Sunumları > Sunum ve Servis Standları
Üstten Lambalı Isıtmalı Dispanserler,Açık Büfe Sunumları,Açık Büfe Ekipmanları > Açık Büfe Sunumları > Üstten Lambalı Isıtmalı Dispanserler
Açık Büfe İçecek Dispanserleri,Açık Büfe Ekipmanları,Açık Büfe Ekipmanları > Açık Büfe İçecek Dispanserleri
Meyve Suyu Dispanserleri,Açık Büfe İçecek Dispanserleri,Açık Büfe Ekipmanları > Açık Büfe İçecek Dispanserleri > Meyve Suyu Dispanserleri
Cam Dispanserler,Meyve Suyu Dispanserleri,Açık Büfe Ekipmanları > Açık Büfe İçecek Dispanserleri > Meyve Suyu Dispanserleri > Cam Dispanserler
Polikarbon Dispanserler,Meyve Suyu Dispanserleri,Açık Büfe Ekipmanları > Açık Büfe İçecek Dispanserleri > Meyve Suyu Dispanserleri > Polikarbon Dispanserler
Sürahiler,Açık Büfe İçecek Dispanserleri,Açık Büfe Ekipmanları > Açık Büfe İçecek Dispanserleri > Sürahiler
Süt Dispanserleri,Açık Büfe İçecek Dispanserleri,Açık Büfe Ekipmanları > Açık Büfe İçecek Dispanserleri > Süt Dispanserleri
Bardaklar,Açık Büfe Ekipmanları,Açık Büfe Ekipmanları > Bardaklar
Chafing Dish,Açık Büfe Ekipmanları,Açık Büfe Ekipmanları > Chafing Dish
Cam Kapaklı Kare Chafing Dishler,Chafing Dish,Açık Büfe Ekipmanları > Chafing Dish > Cam Kapaklı Kare Chafing Dishler
Cam Kapaklı Yuvarlak Chafing Dishler,Chafing Dish,Açık Büfe Ekipmanları > Chafing Dish > Cam Kapaklı Yuvarlak Chafing Dishler
Chafing Dish Ayakları,Chafing Dish,Açık Büfe Ekipmanları > Chafing Dish > Chafing Dish Ayakları
Chafing Dish Isıtma Rezistansları,Chafing Dish,Açık Büfe Ekipmanları > Chafing Dish > Chafing Dish Isıtma Rezistansları
Reşo ve Jel Yakıtlar,Chafing Dish,Açık Büfe Ekipmanları > Chafing Dish > Reşo ve Jel Yakıtlar
Rolltop Chafing Dishler,Chafing Dish,Açık Büfe Ekipmanları > Chafing Dish > Rolltop Chafing Dishler
Çorbalık Chafing Dishler,Chafing Dish,Açık Büfe Ekipmanları > Chafing Dish > Çorbalık Chafing Dishler
Dekoratif Mutfak Gereçleri,Açık Büfe Ekipmanları,Açık Büfe Ekipmanları > Dekoratif Mutfak Gereçleri
Masaüstü Ekipmanları,Açık Büfe Ekipmanları,Açık Büfe Ekipmanları > Masaüstü Ekipmanları
Amerikan Servisler,Masaüstü Ekipmanları,Açık Büfe Ekipmanları > Masaüstü Ekipmanları > Amerikan Servisler
Baharat Değirmenleri,Masaüstü Ekipmanları,Açık Büfe Ekipmanları > Masaüstü Ekipmanları > Baharat Değirmenleri
Baharatlıklar,Masaüstü Ekipmanları,Açık Büfe Ekipmanları > Masaüstü Ekipmanları > Baharatlıklar
Masaüstü Aksesuarları,Masaüstü Ekipmanları,Açık Büfe Ekipmanları > Masaüstü Ekipmanları > Masaüstü Aksesuarları
Masaüstü Takımlar,Masaüstü Ekipmanları,Açık Büfe Ekipmanları > Masaüstü Ekipmanları > Masaüstü Takımlar
Sunum Tahtaları,Masaüstü Ekipmanları,Açık Büfe Ekipmanları > Masaüstü Ekipmanları > Sunum Tahtaları
Tabaklar,Masaüstü Ekipmanları,Açık Büfe Ekipmanları > Masaüstü Ekipmanları > Tabaklar
Kaseler,Tabaklar,Açık Büfe Ekipmanları > Masaüstü Ekipmanları > Tabaklar > Kaseler
Künefe Tabakları,Tabaklar,Açık Büfe Ekipmanları > Masaüstü Ekipmanları > Tabaklar > Künefe Tabakları
Porselen Tabaklar,Tabaklar,Açık Büfe Ekipmanları > Masaüstü Ekipmanları > Tabaklar > Porselen Tabaklar
Servis Tabakları,Tabaklar,Açık Büfe Ekipmanları > Masaüstü Ekipmanları > Tabaklar > Servis Tabakları
Tabak Kapakları,Tabaklar,Açık Büfe Ekipmanları > Masaüstü Ekipmanları > Tabaklar > Tabak Kapakları
Çay Tabakları,Tabaklar,Açık Büfe Ekipmanları > Masaüstü Ekipmanları > Tabaklar > Çay Tabakları
"Çerezlikler, Sosluklar ve Reçellikler",Tabaklar,"Açık Büfe Ekipmanları > Masaüstü Ekipmanları > Tabaklar > Çerezlikler, Sosluklar ve Reçellikler"
Yağdanlıklar,Masaüstü Ekipmanları,Açık Büfe Ekipmanları > Masaüstü Ekipmanları > Yağdanlıklar
Çay Kahve Sunumları,Masaüstü Ekipmanları,Açık Büfe Ekipmanları > Masaüstü Ekipmanları > Çay Kahve Sunumları
İsimlikler ve Sipariş Tutucular,Masaüstü Ekipmanları,Açık Büfe Ekipmanları > Masaüstü Ekipmanları > İsimlikler ve Sipariş Tutucular
Şekerlikler,Masaüstü Ekipmanları,Açık Büfe Ekipmanları > Masaüstü Ekipmanları > Şekerlikler
Sepetlikler ve Meyvelikler,Açık Büfe Ekipmanları,Açık Büfe Ekipmanları > Sepetlikler ve Meyvelikler
Dönen Pasta Standları,Sepetlikler ve Meyvelikler,Açık Büfe Ekipmanları > Sepetlikler ve Meyvelikler > Dönen Pasta Standları
Ekmek Sepetleri,Sepetlikler ve Meyvelikler,Açık Büfe Ekipmanları > Sepetlikler ve Meyvelikler > Ekmek Sepetleri
Kek Standları,Sepetlikler ve Meyvelikler,Açık Büfe Ekipmanları > Sepetlikler ve Meyvelikler > Kek Standları
Meyvelikler,Sepetlikler ve Meyvelikler,Açık Büfe Ekipmanları > Sepetlikler ve Meyvelikler > Meyvelikler
Polikarbon Teşhir Kapları,Sepetlikler ve Meyvelikler,Açık Büfe Ekipmanları > Sepetlikler ve Meyvelikler > Polikarbon Teşhir Kapları
Sunum Sepetleri,Sepetlikler ve Meyvelikler,Açık Büfe Ekipmanları > Sepetlikler ve Meyvelikler > Sunum Sepetleri
Teşhir Ekipmanları,Açık Büfe Ekipmanları,Açık Büfe Ekipmanları > Teşhir Ekipmanları
Kapalı Teşhir Kapları,Teşhir Ekipmanları,Açık Büfe Ekipmanları > Teşhir Ekipmanları > Kapalı Teşhir Kapları
Teşhir Standları,Teşhir Ekipmanları,Açık Büfe Ekipmanları > Teşhir Ekipmanları > Teşhir Standları
Teşhir Tabakları,Teşhir Ekipmanları,Açık Büfe Ekipmanları > Teşhir Ekipmanları > Teşhir Tabakları
Teşhir Tepsileri,Teşhir Ekipmanları,Açık Büfe Ekipmanları > Teşhir Ekipmanları > Teşhir Tepsileri
Çorba Kazanları,Açık Büfe Ekipmanları,Açık Büfe Ekipmanları > Çorba Kazanları
Bar Ekipmanları,,Bar Ekipmanları
Bulaşıkhane Ekipmanları,,Bulaşıkhane Ekipmanları
Bulaşık Makineleri,Bulaşıkhane Ekipmanları,Bulaşıkhane Ekipmanları > Bulaşık Makineleri
Bardak Yıkama Makineleri,Bulaşık Makineleri,Bulaşıkhane Ekipmanları > Bulaşık Makineleri > Bardak Yıkama Makineleri
Giyotin Tip Bulaşık Makineleri,Bulaşık Makineleri,Bulaşıkhane Ekipmanları > Bulaşık Makineleri > Giyotin Tip Bulaşık Makineleri
Kazan Yıkama Makineleri,Bulaşık Makineleri,Bulaşıkhane Ekipmanları > Bulaşık Makineleri > Kazan Yıkama Makineleri
Konveyörlü Bulaşık Makineleri,Bulaşık Makineleri,Bulaşıkhane Ekipmanları > Bulaşık Makineleri > Konveyörlü Bulaşık Makineleri
Tezgah Altı Bulaşık Makineleri,Bulaşık Makineleri,Bulaşıkhane Ekipmanları > Bulaşık Makineleri > Tezgah Altı Bulaşık Makineleri
Bulaşıkhane Basketleri,Bulaşıkhane Ekipmanları,Bulaşıkhane Ekipmanları > Bulaşıkhane Basketleri
Bulaşıkhane Tezgahları,Bulaşıkhane Ekipmanları,Bulaşıkhane Ekipmanları > Bulaşıkhane Tezgahları
Bulaşık Makinesi Tezgahları,Bulaşıkhane Tezgahları,Bulaşıkhane Ekipmanları > Bulaşıkhane Tezgahları > Bulaşık Makinesi Tezgahları
Bulaşık Sıyırma Tezgahları,Bulaşıkhane Tezgahları,Bulaşıkhane Ekipmanları > Bulaşıkhane Tezgahları > Bulaşık Sıyırma Tezgahları
Bulaşık Yıkama Evyeleri,Bulaşıkhane Tezgahları,Bulaşıkhane Ekipmanları > Bulaşıkhane Tezgahları > Bulaşık Yıkama Evyeleri
Deterjan Pompaları,Bulaşıkhane Ekipmanları,Bulaşıkhane Ekipmanları > Deterjan Pompaları
Duş Spreyleri,Bulaşıkhane Ekipmanları,Bulaşıkhane Ekipmanları > Duş Spreyleri
Duşlama Üniteleri,Bulaşıkhane Ekipmanları,Bulaşıkhane Ekipmanları > Duşlama Üniteleri
Endüstriyel Deterjan ve Parlatıcılar,Bulaşıkhane Ekipmanları,Bulaşıkhane Ekipmanları > Endüstriyel Deterjan ve Parlatıcılar
Çamaşırhane Ekipmanları,Bulaşıkhane Ekipmanları,Bulaşıkhane Ekipmanları > Çamaşırhane Ekipmanları
Çamaşır Makineleri,Çamaşırhane Ekipmanları,Bulaşıkhane Ekipmanları > Çamaşırhane Ekipmanları > Çamaşır Makineleri
Çatal Kaşık Parlatma Makineleri,Bulaşıkhane Ekipmanları,Bulaşıkhane Ekipmanları > Çatal Kaşık Parlatma Makineleri
Endüstriyel Mutfak Ekipmanları,,Endüstriyel Mutfak Ekipmanları
Benmariler,Endüstriyel Mutfak Ekipmanları,Endüstriyel Mutfak Ekipmanları > Benmariler
Endüstriyel İçecek Ekipmanları,Endüstriyel Mutfak Ekipmanları,Endüstriyel Mutfak Ekipmanları > Endüstriyel İçecek Ekipmanları
Fırınlar,Endüstriyel Mutfak Ekipmanları,Endüstriyel Mutfak Ekipmanları > Fırınlar
Fonksiyonel Fırınlar,Fırınlar,Endüstriyel Mutfak Ekipmanları > Fırınlar > Fonksiyonel Fırınlar
Fırın Aksesuarları,Fırınlar,Endüstriyel Mutfak Ekipmanları > Fırınlar > Fırın Aksesuarları
Hamur Pişirme Fırınları,Fırınlar,Endüstriyel Mutfak Ekipmanları > Fırınlar > Hamur Pişirme Fırınları
Mayalama Dolapları,Hamur Pişirme Fırınları,Endüstriyel Mutfak Ekipmanları > Fırınlar > Hamur Pişirme Fırınları > Mayalama Dolapları
Pasta Ekmek Börek Fırınları,Hamur Pişirme Fırınları,Endüstriyel Mutfak Ekipmanları > Fırınlar > Hamur Pişirme Fırınları > Pasta Ekmek Börek Fırınları
Hızlı Pişirme Fırınları,Fırınlar,Endüstriyel Mutfak Ekipmanları > Fırınlar > Hızlı Pişirme Fırınları
Kombi Fırınlar,Fırınlar,Endüstriyel Mutfak Ekipmanları > Fırınlar > Kombi Fırınlar
Elektrikli Kombi Fırınlar,Kombi Fırınlar,Endüstriyel Mutfak Ekipmanları > Fırınlar > Kombi Fırınlar > Elektrikli Kombi Fırınlar
Gazlı Kombi Fırınlar,Kombi Fırınlar,Endüstriyel Mutfak Ekipmanları > Fırınlar > Kombi Fırınlar > Gazlı Kombi Fırınlar
Rational Fırınlar,Kombi Fırınlar,Endüstriyel Mutfak Ekipmanları > Fırınlar > Kombi Fırınlar > Rational Fırınlar
Konveksiyonlu Fırınlar,Fırınlar,Endüstriyel Mutfak Ekipmanları > Fırınlar > Konveksiyonlu Fırınlar
Elektrikli Konveksiyonlu Fırınlar,Konveksiyonlu Fırınlar,Endüstriyel Mutfak Ekipmanları > Fırınlar > Konveksiyonlu Fırınlar > Elektrikli Konveksiyonlu Fırınlar
Gazlı Konveksiyonlu Fırınlar,Konveksiyonlu Fırınlar,Endüstriyel Mutfak Ekipmanları > Fırınlar > Konveksiyonlu Fırınlar > Gazlı Konveksiyonlu Fırınlar
Unox Fırınlar,Konveksiyonlu Fırınlar,Endüstriyel Mutfak Ekipmanları > Fırınlar > Konveksiyonlu Fırınlar > Unox Fırınlar
Kumpir Fırınları ve Kumpir Arabası,Fırınlar,Endüstriyel Mutfak Ekipmanları > Fırınlar > Kumpir Fırınları ve Kumpir Arabası
Mikrodalga Fırınlar,Fırınlar,Endüstriyel Mutfak Ekipmanları > Fırınlar > Mikrodalga Fırınlar
Pide ve Lahmacun Fırınları,Fırınlar,Endüstriyel Mutfak Ekipmanları > Fırınlar > Pide ve Lahmacun Fırınları
Pizza Fırınları,Fırınlar,Endüstriyel Mutfak Ekipmanları > Fırınlar > Pizza Fırınları
Elektrikli Pizza Fırınları,Pizza Fırınları,Endüstriyel Mutfak Ekipmanları > Fırınlar > Pizza Fırınları > Elektrikli Pizza Fırınları
Gazlı Pizza Fırınları,Pizza Fırınları,Endüstriyel Mutfak Ekipmanları > Fırınlar > Pizza Fırınları > Gazlı Pizza Fırınları
Konveyörlü Pizza Fırınları,Pizza Fırınları,Endüstriyel Mutfak Ekipmanları > Fırınlar > Pizza Fırınları > Konveyörlü Pizza Fırınları
Yiyecek Isıtıcılar,Fırınlar,Endüstriyel Mutfak Ekipmanları > Fırınlar > Yiyecek Isıtıcılar
Hazırlık Ekipmanları,Endüstriyel Mutfak Ekipmanları,Endüstriyel Mutfak Ekipmanları > Hazırlık Ekipmanları
Ekmek Dilimleme Makineleri,Hazırlık Ekipmanları,Endüstriyel Mutfak Ekipmanları > Hazırlık Ekipmanları > Ekmek Dilimleme Makineleri
El Blenderları,Hazırlık Ekipmanları,Endüstriyel Mutfak Ekipmanları > Hazırlık Ekipmanları > El Blenderları
Et Hazırlık Ekipmanları,Hazırlık Ekipmanları,Endüstriyel Mutfak Ekipmanları > Hazırlık Ekipmanları > Et Hazırlık Ekipmanları
Et ve Kemik Testereleri,Et Hazırlık Ekipmanları,Endüstriyel Mutfak Ekipmanları > Hazırlık Ekipmanları > Et Hazırlık Ekipmanları > Et ve Kemik Testereleri
Gıda Dilimleme Makineleri,Et Hazırlık Ekipmanları,Endüstriyel Mutfak Ekipmanları > Hazırlık Ekipmanları > Et Hazırlık Ekipmanları > Gıda Dilimleme Makineleri
Gıda Dolum Şekillendirme Makineleri,Et Hazırlık Ekipmanları,Endüstriyel Mutfak Ekipmanları > Hazırlık Ekipmanları > Et Hazırlık Ekipmanları > Gıda Dolum Şekillendirme Makineleri
Hamburger Şekillendirme Presleri,Et Hazırlık Ekipmanları,Endüstriyel Mutfak Ekipmanları > Hazırlık Ekipmanları > Et Hazırlık Ekipmanları > Hamburger Şekillendirme Presleri
Kıyma Makineleri,Et Hazırlık Ekipmanları,Endüstriyel Mutfak Ekipmanları > Hazırlık Ekipmanları > Et Hazırlık Ekipmanları > Kıyma Makineleri
Soğutmalı Kıyma Makineleri,Kıyma Makineleri,Endüstriyel Mutfak Ekipmanları > Hazırlık Ekipmanları > Et Hazırlık Ekipmanları > Kıyma Makineleri > Soğutmalı Kıyma Makineleri
Soğutmasız Kıyma Makineleri,Kıyma Makineleri,Endüstriyel Mutfak Ekipmanları > Hazırlık Ekipmanları > Et Hazırlık Ekipmanları > Kıyma Makineleri > Soğutmasız Kıyma Makineleri
Zırh Makineleri,Et Hazırlık Ekipmanları,Endüstriyel Mutfak Ekipmanları > Hazırlık Ekipmanları > Et Hazırlık Ekipmanları > Zırh Makineleri
Hamur Yoğurma Makineleri,Hazırlık Ekipmanları,Endüstriyel Mutfak Ekipmanları > Hazırlık Ekipmanları > Hamur Yoğurma Makineleri
Endüstriyel Hamur Yoğurma Makineleri,Hamur Yoğurma Makineleri,Endüstriyel Mutfak Ekipmanları > Hazırlık Ekipmanları > Hamur Yoğurma Makineleri > Endüstriyel Hamur Yoğurma Makineleri
KitchenAid Mikserleri,Hamur Yoğurma Makineleri,Endüstriyel Mutfak Ekipmanları > Hazırlık Ekipmanları > Hamur Yoğurma Makineleri > KitchenAid Mikserleri
Stand Mikserler,Hamur Yoğurma Makineleri,Endüstriyel Mutfak Ekipmanları > Hazırlık Ekipmanları > Hamur Yoğurma Makineleri > Stand Mikserler
Hamur İşleme Makineleri,Hazırlık Ekipmanları,Endüstriyel Mutfak Ekipmanları > Hazırlık Ekipmanları > Hamur İşleme Makineleri
Hamur Açma Makineleri,Hamur İşleme Makineleri,Endüstriyel Mutfak Ekipmanları > Hazırlık Ekipmanları > Hamur İşleme Makineleri > Hamur Açma Makineleri
Hamur Bölme ve Yuvarlama Makineleri,Hamur İşleme Makineleri,Endüstriyel Mutfak Ekipmanları > Hazırlık Ekipmanları > Hamur İşleme Makineleri > Hamur Bölme ve Yuvarlama Makineleri
Konserve Açacakları,Hazırlık Ekipmanları,Endüstriyel Mutfak Ekipmanları > Hazırlık Ekipmanları > Konserve Açacakları
Lokma Makineleri,Hazırlık Ekipmanları,Endüstriyel Mutfak Ekipmanları > Hazırlık Ekipmanları > Lokma Makineleri
Makarna Kesme Makineleri ve Aparatları,Hazırlık Ekipmanları,Endüstriyel Mutfak Ekipmanları > Hazırlık Ekipmanları > Makarna Kesme Makineleri ve Aparatları
Sebze ve Meyve Hazırlık Makineleri,Hazırlık Ekipmanları,Endüstriyel Mutfak Ekipmanları > Hazırlık Ekipmanları > Sebze ve Meyve Hazırlık Makineleri
Humus Makineleri,Sebze ve Meyve Hazırlık Makineleri,Endüstriyel Mutfak Ekipmanları > Hazırlık Ekipmanları > Sebze ve Meyve Hazırlık Makineleri > Humus Makineleri
Limon Kabuğu Rendeleme Makineleri,Sebze ve Meyve Hazırlık Makineleri,Endüstriyel Mutfak Ekipmanları > Hazırlık Ekipmanları > Sebze ve Meyve Hazırlık Makineleri > Limon Kabuğu Rendeleme Makineleri
Mutfak Robotları,Sebze ve Meyve Hazırlık Makineleri,Endüstriyel Mutfak Ekipmanları > Hazırlık Ekipmanları > Sebze ve Meyve Hazırlık Makineleri > Mutfak Robotları
Patates ve Soğan Soyma Makineleri,Sebze ve Meyve Hazırlık Makineleri,Endüstriyel Mutfak Ekipmanları > Hazırlık Ekipmanları > Sebze ve Meyve Hazırlık Makineleri > Patates ve Soğan Soyma Makineleri
Sebze Doğrama Makineleri,Sebze ve Meyve Hazırlık Makineleri,Endüstriyel Mutfak Ekipmanları > Hazırlık Ekipmanları > Sebze ve Meyve Hazırlık Makineleri > Sebze Doğrama Makineleri
Sebze Kurutma Makineleri,Sebze ve Meyve Hazırlık Makineleri,Endüstriyel Mutfak Ekipmanları > Hazırlık Ekipmanları > Sebze ve Meyve Hazırlık Makineleri > Sebze Kurutma Makineleri
Sebze Parçalama Makineleri,Sebze ve Meyve Hazırlık Makineleri,Endüstriyel Mutfak Ekipmanları > Hazırlık Ekipmanları > Sebze ve Meyve Hazırlık Makineleri > Sebze Parçalama Makineleri
Sebze Yıkama Makineleri,Sebze ve Meyve Hazırlık Makineleri,Endüstriyel Mutfak Ekipmanları > Hazırlık Ekipmanları > Sebze ve Meyve Hazırlık Makineleri > Sebze Yıkama Makineleri
Öğütme Makineleri,Sebze ve Meyve Hazırlık Makineleri,Endüstriyel Mutfak Ekipmanları > Hazırlık Ekipmanları > Sebze ve Meyve Hazırlık Makineleri > Öğütme Makineleri
Un Değirmenleri,Hazırlık Ekipmanları,Endüstriyel Mutfak Ekipmanları > Hazırlık Ekipmanları > Un Değirmenleri
Vakum ve Paketleme Makineleri,Hazırlık Ekipmanları,Endüstriyel Mutfak Ekipmanları > Hazırlık Ekipmanları > Vakum ve Paketleme Makineleri
Pişirme Ekipmanları,Endüstriyel Mutfak Ekipmanları,Endüstriyel Mutfak Ekipmanları > Pişirme Ekipmanları
Barbeküler,Pişirme Ekipmanları,Endüstriyel Mutfak Ekipmanları > Pişirme Ekipmanları > Barbeküler
Elektrikli Barbeküler,Barbeküler,Endüstriyel Mutfak Ekipmanları > Pişirme Ekipmanları > Barbeküler > Elektrikli Barbeküler
Gazlı Barbeküler,Barbeküler,Endüstriyel Mutfak Ekipmanları > Pişirme Ekipmanları > Barbeküler > Gazlı Barbeküler
Kömürlü Barbeküler,Barbeküler,Endüstriyel Mutfak Ekipmanları > Pişirme Ekipmanları > Barbeküler > Kömürlü Barbeküler
Devrilir Tavalar,Pişirme Ekipmanları,Endüstriyel Mutfak Ekipmanları > Pişirme Ekipmanları > Devrilir Tavalar
Döner Makineleri,Pişirme Ekipmanları,Endüstriyel Mutfak Ekipmanları > Pişirme Ekipmanları > Döner Makineleri
Duvara Monte Döner Makineleri,Döner Makineleri,Endüstriyel Mutfak Ekipmanları > Pişirme Ekipmanları > Döner Makineleri > Duvara Monte Döner Makineleri
Döner Kesme Makineleri,Döner Makineleri,Endüstriyel Mutfak Ekipmanları > Pişirme Ekipmanları > Döner Makineleri > Döner Kesme Makineleri
Döner Robot Ekipmanları,Döner Makineleri,Endüstriyel Mutfak Ekipmanları > Pişirme Ekipmanları > Döner Makineleri > Döner Robot Ekipmanları
Döner Robotları,Döner Makineleri,Endüstriyel Mutfak Ekipmanları > Pişirme Ekipmanları > Döner Makineleri > Döner Robotları
Elektrikli Döner Makineleri,Döner Makineleri,Endüstriyel Mutfak Ekipmanları > Pişirme Ekipmanları > Döner Makineleri > Elektrikli Döner Makineleri
Gazlı Döner Makineleri,Döner Makineleri,Endüstriyel Mutfak Ekipmanları > Pişirme Ekipmanları > Döner Makineleri > Gazlı Döner Makineleri
Ekmek Kızartma Makineleri,Pişirme Ekipmanları,Endüstriyel Mutfak Ekipmanları > Pişirme Ekipmanları > Ekmek Kızartma Makineleri
Fritözler,Pişirme Ekipmanları,Endüstriyel Mutfak Ekipmanları > Pişirme Ekipmanları > Fritözler
AirFryer,Fritözler,Endüstriyel Mutfak Ekipmanları > Pişirme Ekipmanları > Fritözler > AirFryer
Elektrikli Fritözler,Fritözler,Endüstriyel Mutfak Ekipmanları > Pişirme Ekipmanları > Fritözler > Elektrikli Fritözler
Gazlı Fritözler,Fritözler,Endüstriyel Mutfak Ekipmanları > Pişirme Ekipmanları > Fritözler > Gazlı Fritözler
Makarna Fritözleri,Fritözler,Endüstriyel Mutfak Ekipmanları > Pişirme Ekipmanları > Fritözler > Makarna Fritözleri
Hamburger Kaydırma Makineleri,Pişirme Ekipmanları,Endüstriyel Mutfak Ekipmanları > Pişirme Ekipmanları > Hamburger Kaydırma Makineleri
Hot Dog Makineleri,Pişirme Ekipmanları,Endüstriyel Mutfak Ekipmanları > Pişirme Ekipmanları > Hot Dog Makineleri
Izgaralar,Pişirme Ekipmanları,Endüstriyel Mutfak Ekipmanları > Pişirme Ekipmanları > Izgaralar
Cam Yüzeyli Izgaralar,Izgaralar,Endüstriyel Mutfak Ekipmanları > Pişirme Ekipmanları > Izgaralar > Cam Yüzeyli Izgaralar
Döküm Izgaralar,Izgaralar,Endüstriyel Mutfak Ekipmanları > Pişirme Ekipmanları > Izgaralar > Döküm Izgaralar
Grill Plateler,Izgaralar,Endüstriyel Mutfak Ekipmanları > Pişirme Ekipmanları > Izgaralar > Grill Plateler
Elektrikli Grill Plateler,Grill Plateler,Endüstriyel Mutfak Ekipmanları > Pişirme Ekipmanları > Izgaralar > Grill Plateler > Elektrikli Grill Plateler
Gazlı Grill Plateler,Grill Plateler,Endüstriyel Mutfak Ekipmanları > Pişirme Ekipmanları > Izgaralar > Grill Plateler > Gazlı Grill Plateler
Kömürlü Izgaralar,Izgaralar,Endüstriyel Mutfak Ekipmanları > Pişirme Ekipmanları > Izgaralar > Kömürlü Izgaralar
Lavataşlı Izgara,Izgaralar,Endüstriyel Mutfak Ekipmanları > Pişirme Ekipmanları > Izgaralar > Lavataşlı Izgara
Kaynatma Tencereleri ve Kazanları,Pişirme Ekipmanları,Endüstriyel Mutfak Ekipmanları > Pişirme Ekipmanları > Kaynatma Tencereleri ve Kazanları
Direkt Kaynatma Tencereleri,Kaynatma Tencereleri ve Kazanları,Endüstriyel Mutfak Ekipmanları > Pişirme Ekipmanları > Kaynatma Tencereleri ve Kazanları > Direkt Kaynatma Tencereleri
Elektrikli Kaynatma Tencereleri,Kaynatma Tencereleri ve Kazanları,Endüstriyel Mutfak Ekipmanları > Pişirme Ekipmanları > Kaynatma Tencereleri ve Kazanları > Elektrikli Kaynatma Tencereleri
Gazlı Kaynatma Tencereleri,Kaynatma Tencereleri ve Kazanları,Endüstriyel Mutfak Ekipmanları > Pişirme Ekipmanları > Kaynatma Tencereleri ve Kazanları > Gazlı Kaynatma Tencereleri
İndirekt Kaynatma Tencereleri,Kaynatma Tencereleri ve Kazanları,Endüstriyel Mutfak Ekipmanları > Pişirme Ekipmanları > Kaynatma Tencereleri ve Kazanları > İndirekt Kaynatma Tencereleri
Krep Makineleri,Pişirme Ekipmanları,Endüstriyel Mutfak Ekipmanları > Pişirme Ekipmanları > Krep Makineleri
Kuzineler,Pişirme Ekipmanları,Endüstriyel Mutfak Ekipmanları > Pişirme Ekipmanları > Kuzineler
Elektrikli Kuzineler,Kuzineler,Endüstriyel Mutfak Ekipmanları > Pişirme Ekipmanları > Kuzineler > Elektrikli Kuzineler
Gazlı Kuzineler,Kuzineler,Endüstriyel Mutfak Ekipmanları > Pişirme Ekipmanları > Kuzineler > Gazlı Kuzineler
Mısır ve Popcorn Makineleri,Pişirme Ekipmanları,Endüstriyel Mutfak Ekipmanları > Pişirme Ekipmanları > Mısır ve Popcorn Makineleri
Ocaklar,Pişirme Ekipmanları,Endüstriyel Mutfak Ekipmanları > Pişirme Ekipmanları > Ocaklar
Elektrikli Ocaklar,Ocaklar,Endüstriyel Mutfak Ekipmanları > Pişirme Ekipmanları > Ocaklar > Elektrikli Ocaklar
Gazlı Ocaklar,Ocaklar,Endüstriyel Mutfak Ekipmanları > Pişirme Ekipmanları > Ocaklar > Gazlı Ocaklar
Seramik Ocaklar,Ocaklar,Endüstriyel Mutfak Ekipmanları > Pişirme Ekipmanları > Ocaklar > Seramik Ocaklar
Wok Ocaklar,Ocaklar,Endüstriyel Mutfak Ekipmanları > Pişirme Ekipmanları > Ocaklar > Wok Ocaklar
Yer Ocakları,Ocaklar,Endüstriyel Mutfak Ekipmanları > Pişirme Ekipmanları > Ocaklar > Yer Ocakları
İndüksiyonlu Ocaklar,Ocaklar,Endüstriyel Mutfak Ekipmanları > Pişirme Ekipmanları > Ocaklar > İndüksiyonlu Ocaklar
Pamuk Şeker Makineleri,Pişirme Ekipmanları,Endüstriyel Mutfak Ekipmanları > Pişirme Ekipmanları > Pamuk Şeker Makineleri
Pankek Makineleri,Pişirme Ekipmanları,Endüstriyel Mutfak Ekipmanları > Pişirme Ekipmanları > Pankek Makineleri
Patates Dinlendirme Makineleri,Pişirme Ekipmanları,Endüstriyel Mutfak Ekipmanları > Pişirme Ekipmanları > Patates Dinlendirme Makineleri
Piliç Çevirme Makineleri,Pişirme Ekipmanları,Endüstriyel Mutfak Ekipmanları > Pişirme Ekipmanları > Piliç Çevirme Makineleri
Elektrikli Piliç Çevirme Makineleri,Piliç Çevirme Makineleri,Endüstriyel Mutfak Ekipmanları > Pişirme Ekipmanları > Piliç Çevirme Makineleri > Elektrikli Piliç Çevirme Makineleri
Gazlı Piliç Çevirme Makineleri,Piliç Çevirme Makineleri,Endüstriyel Mutfak Ekipmanları > Pişirme Ekipmanları > Piliç Çevirme Makineleri > Gazlı Piliç Çevirme Makineleri
Pirinç Pişirme Makineleri,Pişirme Ekipmanları,Endüstriyel Mutfak Ekipmanları > Pişirme Ekipmanları > Pirinç Pişirme Makineleri
Salamanderler,Pişirme Ekipmanları,Endüstriyel Mutfak Ekipmanları > Pişirme Ekipmanları > Salamanderler
Sanayi Tipi Tost Makineleri,Pişirme Ekipmanları,Endüstriyel Mutfak Ekipmanları > Pişirme Ekipmanları > Sanayi Tipi Tost Makineleri
Vakumlu Gıda Pişiricileri,Pişirme Ekipmanları,Endüstriyel Mutfak Ekipmanları > Pişirme Ekipmanları > Vakumlu Gıda Pişiricileri
Waffle Makineleri,Pişirme Ekipmanları,Endüstriyel Mutfak Ekipmanları > Pişirme Ekipmanları > Waffle Makineleri
Soğutma Ekipmanları,Endüstriyel Mutfak Ekipmanları,Endüstriyel Mutfak Ekipmanları > Soğutma Ekipmanları
Blast Chillers,Soğutma Ekipmanları,Endüstriyel Mutfak Ekipmanları > Soğutma Ekipmanları > Blast Chillers
Dik Tip Blast Chillers,Blast Chillers,Endüstriyel Mutfak Ekipmanları > Soğutma Ekipmanları > Blast Chillers > Dik Tip Blast Chillers
Tezgah Altı Blast Chillers,Blast Chillers,Endüstriyel Mutfak Ekipmanları > Soğutma Ekipmanları > Blast Chillers > Tezgah Altı Blast Chillers
Buz Makineleri,Soğutma Ekipmanları,Endüstriyel Mutfak Ekipmanları > Soğutma Ekipmanları > Buz Makineleri
Buz Dispanserleri,Buz Makineleri,Endüstriyel Mutfak Ekipmanları > Soğutma Ekipmanları > Buz Makineleri > Buz Dispanserleri
Buz Konteynerleri,Buz Makineleri,Endüstriyel Mutfak Ekipmanları > Soğutma Ekipmanları > Buz Makineleri > Buz Konteynerleri
Kar Buz Makineleri,Buz Makineleri,Endüstriyel Mutfak Ekipmanları > Soğutma Ekipmanları > Buz Makineleri > Kar Buz Makineleri
Küp Buz Makineleri,Buz Makineleri,Endüstriyel Mutfak Ekipmanları > Soğutma Ekipmanları > Buz Makineleri > Küp Buz Makineleri
Buzdolapları,Soğutma Ekipmanları,Endüstriyel Mutfak Ekipmanları > Soğutma Ekipmanları > Buzdolapları
Dik Tip Buzdolapları,Buzdolapları,Endüstriyel Mutfak Ekipmanları > Soğutma Ekipmanları > Buzdolapları > Dik Tip Buzdolapları
Tek Kapılı Dik Tip Buzdolapları,Dik Tip Buzdolapları,Endüstriyel Mutfak Ekipmanları > Soğutma Ekipmanları > Buzdolapları > Dik Tip Buzdolapları > Tek Kapılı Dik Tip Buzdolapları
Çift Kapılı Dik Tip Buzdolapları,Dik Tip Buzdolapları,Endüstriyel Mutfak Ekipmanları > Soğutma Ekipmanları > Buzdolapları > Dik Tip Buzdolapları > Çift Kapılı Dik Tip Buzdolapları
Dry Aged Dolaplar,Buzdolapları,Endüstriyel Mutfak Ekipmanları > Soğutma Ekipmanları > Buzdolapları > Dry Aged Dolaplar
Tezgah Tip Buzdolapları,Buzdolapları,Endüstriyel Mutfak Ekipmanları > Soğutma Ekipmanları > Buzdolapları > Tezgah Tip Buzdolapları
Kapılı Tezgah Tip Buzdolapları,Tezgah Tip Buzdolapları,Endüstriyel Mutfak Ekipmanları > Soğutma Ekipmanları > Buzdolapları > Tezgah Tip Buzdolapları > Kapılı Tezgah Tip Buzdolapları
Tezgah Altı Slim Buzdolapları,Tezgah Tip Buzdolapları,Endüstriyel Mutfak Ekipmanları > Soğutma Ekipmanları > Buzdolapları > Tezgah Tip Buzdolapları > Tezgah Altı Slim Buzdolapları
Çekmeceli Tezgah Tip Buzdolapları,Tezgah Tip Buzdolapları,Endüstriyel Mutfak Ekipmanları > Soğutma Ekipmanları > Buzdolapları > Tezgah Tip Buzdolapları > Çekmeceli Tezgah Tip Buzdolapları
Derin Dondurucular,Soğutma Ekipmanları,Endüstriyel Mutfak Ekipmanları > Soğutma Ekipmanları > Derin Dondurucular
Dik Tip Derin Dondurucular,Derin Dondurucular,Endüstriyel Mutfak Ekipmanları > Soğutma Ekipmanları > Derin Dondurucular > Dik Tip Derin Dondurucular
Yatay Tip Derin Dondurucular,Derin Dondurucular,Endüstriyel Mutfak Ekipmanları > Soğutma Ekipmanları > Derin Dondurucular > Yatay Tip Derin Dondurucular
Dondurma Makineleri,Soğutma Ekipmanları,Endüstriyel Mutfak Ekipmanları > Soğutma Ekipmanları > Dondurma Makineleri
Pizza Hazırlık Üniteleri,Soğutma Ekipmanları,Endüstriyel Mutfak Ekipmanları > Soğutma Ekipmanları > Pizza Hazırlık Üniteleri
Puro Dolapları,Soğutma Ekipmanları,Endüstriyel Mutfak Ekipmanları > Soğutma Ekipmanları > Puro Dolapları
Saladbarlar,Soğutma Ekipmanları,Endüstriyel Mutfak Ekipmanları > Soğutma Ekipmanları > Saladbarlar
Soğuk Oda Depoları,Soğutma Ekipmanları,Endüstriyel Mutfak Ekipmanları > Soğutma Ekipmanları > Soğuk Oda Depoları
Şarap Dolapları,Soğutma Ekipmanları,Endüstriyel Mutfak Ekipmanları > Soğutma Ekipmanları > Şarap Dolapları
Şişe Soğutucular,Soğutma Ekipmanları,Endüstriyel Mutfak Ekipmanları > Soğutma Ekipmanları > Şişe Soğutucular
Su Sebilleri,Endüstriyel Mutfak Ekipmanları,Endüstriyel Mutfak Ekipmanları > Su Sebilleri
Tepsiler ve Tavalar,Endüstriyel Mutfak Ekipmanları,Endüstriyel Mutfak Ekipmanları > Tepsiler ve Tavalar
Alüminyum Baklava Tepsileri,Tepsiler ve Tavalar,Endüstriyel Mutfak Ekipmanları > Tepsiler ve Tavalar > Alüminyum Baklava Tepsileri
Alüminyum Tepsi ve Tavalar,Tepsiler ve Tavalar,Endüstriyel Mutfak Ekipmanları > Tepsiler ve Tavalar > Alüminyum Tepsi ve Tavalar
Banket Tepsileri,Tepsiler ve Tavalar,Endüstriyel Mutfak Ekipmanları > Tepsiler ve Tavalar > Banket Tepsileri
Ekmek Tavaları ve Kalıpları,Tepsiler ve Tavalar,Endüstriyel Mutfak Ekipmanları > Tepsiler ve Tavalar > Ekmek Tavaları ve Kalıpları
Et Tepsileri,Tepsiler ve Tavalar,Endüstriyel Mutfak Ekipmanları > Tepsiler ve Tavalar > Et Tepsileri
Gastronom Tepsiler,Tepsiler ve Tavalar,Endüstriyel Mutfak Ekipmanları > Tepsiler ve Tavalar > Gastronom Tepsiler
Pres Baskılı Tepsiler,Tepsiler ve Tavalar,Endüstriyel Mutfak Ekipmanları > Tepsiler ve Tavalar > Pres Baskılı Tepsiler
Servis Tepsileri,Tepsiler ve Tavalar,Endüstriyel Mutfak Ekipmanları > Tepsiler ve Tavalar > Servis Tepsileri
Ahşap Servis Tepsileri,Servis Tepsileri,Endüstriyel Mutfak Ekipmanları > Tepsiler ve Tavalar > Servis Tepsileri > Ahşap Servis Tepsileri
Kaymaz Servis Tepsileri,Servis Tepsileri,Endüstriyel Mutfak Ekipmanları > Tepsiler ve Tavalar > Servis Tepsileri > Kaymaz Servis Tepsileri
Paslanmaz Servis tepsileri,Servis Tepsileri,Endüstriyel Mutfak Ekipmanları > Tepsiler ve Tavalar > Servis Tepsileri > Paslanmaz Servis tepsileri
Plastik Servis Tepsileri,Servis Tepsileri,Endüstriyel Mutfak Ekipmanları > Tepsiler ve Tavalar > Servis Tepsileri > Plastik Servis Tepsileri
Tabldotlar,Tepsiler ve Tavalar,Endüstriyel Mutfak Ekipmanları > Tepsiler ve Tavalar > Tabldotlar
Teşhir Dolapları,Endüstriyel Mutfak Ekipmanları,Endüstriyel Mutfak Ekipmanları > Teşhir Dolapları
Dondurma Dolapları,Teşhir Dolapları,Endüstriyel Mutfak Ekipmanları > Teşhir Dolapları > Dondurma Dolapları
Nötr Teşhir Dolapları,Teşhir Dolapları,Endüstriyel Mutfak Ekipmanları > Teşhir Dolapları > Nötr Teşhir Dolapları
Soğuk Teşhir Dolapları,Teşhir Dolapları,Endüstriyel Mutfak Ekipmanları > Teşhir Dolapları > Soğuk Teşhir Dolapları
Sıcak Teşhir Dolapları ve Tezgahları,Teşhir Dolapları,Endüstriyel Mutfak Ekipmanları > Teşhir Dolapları > Sıcak Teşhir Dolapları ve Tezgahları
Yağ Tutucular,Endüstriyel Mutfak Ekipmanları,Endüstriyel Mutfak Ekipmanları > Yağ Tutucular
Çalışma Tezgahları ve Üniteler,Endüstriyel Mutfak Ekipmanları,Endüstriyel Mutfak Ekipmanları > Çalışma Tezgahları ve Üniteler
Davlumbazlar,Çalışma Tezgahları ve Üniteler,Endüstriyel Mutfak Ekipmanları > Çalışma Tezgahları ve Üniteler > Davlumbazlar
Evyeler,Çalışma Tezgahları ve Üniteler,Endüstriyel Mutfak Ekipmanları > Çalışma Tezgahları ve Üniteler > Evyeler
El Yıkama Evyeleri,Evyeler,Endüstriyel Mutfak Ekipmanları > Çalışma Tezgahları ve Üniteler > Evyeler > El Yıkama Evyeleri
Göz Evyeler,Evyeler,Endüstriyel Mutfak Ekipmanları > Çalışma Tezgahları ve Üniteler > Evyeler > Göz Evyeler
Tablalı Evyeler,Evyeler,Endüstriyel Mutfak Ekipmanları > Çalışma Tezgahları ve Üniteler > Evyeler > Tablalı Evyeler
Sıcak Servis Dolapları,Çalışma Tezgahları ve Üniteler,Endüstriyel Mutfak Ekipmanları > Çalışma Tezgahları ve Üniteler > Sıcak Servis Dolapları
Çalışma Tezgahları,Çalışma Tezgahları ve Üniteler,Endüstriyel Mutfak Ekipmanları > Çalışma Tezgahları ve Üniteler > Çalışma Tezgahları
Ahşap Tablalı Çalışma Tezgahları,Çalışma Tezgahları,Endüstriyel Mutfak Ekipmanları > Çalışma Tezgahları ve Üniteler > Çalışma Tezgahları > Ahşap Tablalı Çalışma Tezgahları
Balık Hazırlık Tezgahları,Çalışma Tezgahları,Endüstriyel Mutfak Ekipmanları > Çalışma Tezgahları ve Üniteler > Çalışma Tezgahları > Balık Hazırlık Tezgahları
Cihaz Altı Tezgahlar,Çalışma Tezgahları,Endüstriyel Mutfak Ekipmanları > Çalışma Tezgahları ve Üniteler > Çalışma Tezgahları > Cihaz Altı Tezgahlar
Dolaplı Çalışma Tezgahları,Çalışma Tezgahları,Endüstriyel Mutfak Ekipmanları > Çalışma Tezgahları ve Üniteler > Çalışma Tezgahları > Dolaplı Çalışma Tezgahları
Duvar Dolapları,Çalışma Tezgahları,Endüstriyel Mutfak Ekipmanları > Çalışma Tezgahları ve Üniteler > Çalışma Tezgahları > Duvar Dolapları
Et Kütükleri,Çalışma Tezgahları,Endüstriyel Mutfak Ekipmanları > Çalışma Tezgahları ve Üniteler > Çalışma Tezgahları > Et Kütükleri
Evyeli Çalışma Tezgahları,Çalışma Tezgahları,Endüstriyel Mutfak Ekipmanları > Çalışma Tezgahları ve Üniteler > Çalışma Tezgahları > Evyeli Çalışma Tezgahları
Mermer Tablalı Çalışma Tezgahları,Çalışma Tezgahları,Endüstriyel Mutfak Ekipmanları > Çalışma Tezgahları ve Üniteler > Çalışma Tezgahları > Mermer Tablalı Çalışma Tezgahları
Polietilen Tablalı Çalışma Tezgahları,Çalışma Tezgahları,Endüstriyel Mutfak Ekipmanları > Çalışma Tezgahları ve Üniteler > Çalışma Tezgahları > Polietilen Tablalı Çalışma Tezgahları
Raflı Çalışma Tezgahları,Çalışma Tezgahları,Endüstriyel Mutfak Ekipmanları > Çalışma Tezgahları ve Üniteler > Çalışma Tezgahları > Raflı Çalışma Tezgahları
Ara Raflı Çalışma Tezgahları,Raflı Çalışma Tezgahları,Endüstriyel Mutfak Ekipmanları > Çalışma Tezgahları ve Üniteler > Çalışma Tezgahları > Raflı Çalışma Tezgahları > Ara Raflı Çalışma Tezgahları
Demonte Çalışma Tezgahları,Raflı Çalışma Tezgahları,Endüstriyel Mutfak Ekipmanları > Çalışma Tezgahları ve Üniteler > Çalışma Tezgahları > Raflı Çalışma Tezgahları > Demonte Çalışma Tezgahları
Hareketli Çalışma Tezgahları,Raflı Çalışma Tezgahları,Endüstriyel Mutfak Ekipmanları > Çalışma Tezgahları ve Üniteler > Çalışma Tezgahları > Raflı Çalışma Tezgahları > Hareketli Çalışma Tezgahları
Taban Raflı Çalışma Tezgahları,Raflı Çalışma Tezgahları,Endüstriyel Mutfak Ekipmanları > Çalışma Tezgahları ve Üniteler > Çalışma Tezgahları > Raflı Çalışma Tezgahları > Taban Raflı Çalışma Tezgahları
Taban Rafsız Çalışma Tezgahları,Raflı Çalışma Tezgahları,Endüstriyel Mutfak Ekipmanları > Çalışma Tezgahları ve Üniteler > Çalışma Tezgahları > Raflı Çalışma Tezgahları > Taban Rafsız Çalışma Tezgahları
Set Altı Çalışma Tezgahları,Çalışma Tezgahları,Endüstriyel Mutfak Ekipmanları > Çalışma Tezgahları ve Üniteler > Çalışma Tezgahları > Set Altı Çalışma Tezgahları
Set Üstü Çalışma Tezgahları,Çalışma Tezgahları,Endüstriyel Mutfak Ekipmanları > Çalışma Tezgahları ve Üniteler > Çalışma Tezgahları > Set Üstü Çalışma Tezgahları
Süzme Havuzlu Çalışma Tezgahları,Çalışma Tezgahları,Endüstriyel Mutfak Ekipmanları > Çalışma Tezgahları ve Üniteler > Çalışma Tezgahları > Süzme Havuzlu Çalışma Tezgahları
Ölçüm Cihazları,Endüstriyel Mutfak Ekipmanları,Endüstriyel Mutfak Ekipmanları > Ölçüm Cihazları
Açı Ölçerler,Ölçüm Cihazları,Endüstriyel Mutfak Ekipmanları > Ölçüm Cihazları > Açı Ölçerler
Baca Gazı Analiz Cihazları,Ölçüm Cihazları,Endüstriyel Mutfak Ekipmanları > Ölçüm Cihazları > Baca Gazı Analiz Cihazları
Barometreler,Ölçüm Cihazları,Endüstriyel Mutfak Ekipmanları > Ölçüm Cihazları > Barometreler
Büyüteçler ve Mikroskoplar,Ölçüm Cihazları,Endüstriyel Mutfak Ekipmanları > Ölçüm Cihazları > Büyüteçler ve Mikroskoplar
Datalogger,Ölçüm Cihazları,Endüstriyel Mutfak Ekipmanları > Ölçüm Cihazları > Datalogger
Dijital Tartı ve Teraziler,Ölçüm Cihazları,Endüstriyel Mutfak Ekipmanları > Ölçüm Cihazları > Dijital Tartı ve Teraziler
Dinamometre,Ölçüm Cihazları,Endüstriyel Mutfak Ekipmanları > Ölçüm Cihazları > Dinamometre
Elektrik Ölçüm Cihazları,Ölçüm Cihazları,Endüstriyel Mutfak Ekipmanları > Ölçüm Cihazları > Elektrik Ölçüm Cihazları
Elektronik Saatler ve Dereceler,Ölçüm Cihazları,Endüstriyel Mutfak Ekipmanları > Ölçüm Cihazları > Elektronik Saatler ve Dereceler
Eğim Ölçerler,Ölçüm Cihazları,Endüstriyel Mutfak Ekipmanları > Ölçüm Cihazları > Eğim Ölçerler
Gaussmetreler,Ölçüm Cihazları,Endüstriyel Mutfak Ekipmanları > Ölçüm Cihazları > Gaussmetreler
Gaz Kaçak Dedektörleri,Ölçüm Cihazları,Endüstriyel Mutfak Ekipmanları > Ölçüm Cihazları > Gaz Kaçak Dedektörleri
Glossmetre Parlaklık Ölçer,Ölçüm Cihazları,Endüstriyel Mutfak Ekipmanları > Ölçüm Cihazları > Glossmetre Parlaklık Ölçer
Hava Kalitesi Ölçüm Cihazları,Ölçüm Cihazları,Endüstriyel Mutfak Ekipmanları > Ölçüm Cihazları > Hava Kalitesi Ölçüm Cihazları
Işık Ölçerler,Ölçüm Cihazları,Endüstriyel Mutfak Ekipmanları > Ölçüm Cihazları > Işık Ölçerler
Kalınlık Ölçerler,Ölçüm Cihazları,Endüstriyel Mutfak Ekipmanları > Ölçüm Cihazları > Kalınlık Ölçerler
Kantarlar ve Basküller,Ölçüm Cihazları,Endüstriyel Mutfak Ekipmanları > Ölçüm Cihazları > Kantarlar ve Basküller
Klor Ölçerler,Ölçüm Cihazları,Endüstriyel Mutfak Ekipmanları > Ölçüm Cihazları > Klor Ölçerler
Kronometre ve Zamanlayıcılar,Ölçüm Cihazları,Endüstriyel Mutfak Ekipmanları > Ölçüm Cihazları > Kronometre ve Zamanlayıcılar
Lazermetreler,Ölçüm Cihazları,Endüstriyel Mutfak Ekipmanları > Ölçüm Cihazları > Lazermetreler
Manometreler,Ölçüm Cihazları,Endüstriyel Mutfak Ekipmanları > Ölçüm Cihazları > Manometreler
Manyetik Karıştırıcılar,Ölçüm Cihazları,Endüstriyel Mutfak Ekipmanları > Ölçüm Cihazları > Manyetik Karıştırıcılar
Medikal Ölçüm Cihazları,Ölçüm Cihazları,Endüstriyel Mutfak Ekipmanları > Ölçüm Cihazları > Medikal Ölçüm Cihazları
Mikrometreler ve Komparatörler,Ölçüm Cihazları,Endüstriyel Mutfak Ekipmanları > Ölçüm Cihazları > Mikrometreler ve Komparatörler
Nem Ölçerler,Ölçüm Cihazları,Endüstriyel Mutfak Ekipmanları > Ölçüm Cihazları > Nem Ölçerler
"Ph, İletkenlik ve Tuzluluk Ölçerler",Ölçüm Cihazları,"Endüstriyel Mutfak Ekipmanları > Ölçüm Cihazları > Ph, İletkenlik ve Tuzluluk Ölçerler"
Refraktometreler,Ölçüm Cihazları,Endüstriyel Mutfak Ekipmanları > Ölçüm Cihazları > Refraktometreler
Renk Ölçüm Cihazları,Ölçüm Cihazları,Endüstriyel Mutfak Ekipmanları > Ölçüm Cihazları > Renk Ölçüm Cihazları
Rüzgar Hızı Ölçerler,Ölçüm Cihazları,Endüstriyel Mutfak Ekipmanları > Ölçüm Cihazları > Rüzgar Hızı Ölçerler
"Sertlik Ölçer, Shoremetreler",Ölçüm Cihazları,"Endüstriyel Mutfak Ekipmanları > Ölçüm Cihazları > Sertlik Ölçer, Shoremetreler"
Ses Ölçüm Cihazları,Ölçüm Cihazları,Endüstriyel Mutfak Ekipmanları > Ölçüm Cihazları > Ses Ölçüm Cihazları
Takometreler,Ölçüm Cihazları,Endüstriyel Mutfak Ekipmanları > Ölçüm Cihazları > Takometreler
Termal Kameralar,Ölçüm Cihazları,Endüstriyel Mutfak Ekipmanları > Ölçüm Cihazları > Termal Kameralar
Termometreler,Ölçüm Cihazları,Endüstriyel Mutfak Ekipmanları > Ölçüm Cihazları > Termometreler
Titreşim Ölçüm Cihazları,Ölçüm Cihazları,Endüstriyel Mutfak Ekipmanları > Ölçüm Cihazları > Titreşim Ölçüm Cihazları
Yağ Kalitesi Ölçüm Cihazı,Ölçüm Cihazları,Endüstriyel Mutfak Ekipmanları > Ölçüm Cihazları > Yağ Kalitesi Ölçüm Cihazı
Yağmur Ölçer Plüviyometreler,Ölçüm Cihazları,Endüstriyel Mutfak Ekipmanları > Ölçüm Cihazları > Yağmur Ölçer Plüviyometreler
Yüzey Pürüzlülük Ölçer,Ölçüm Cihazları,Endüstriyel Mutfak Ekipmanları > Ölçüm Cihazları > Yüzey Pürüzlülük Ölçer
Haftanın Ürünleri,,Haftanın Ürünleri
Hotel Equipments,,Hotel Equipments
Kampanyalı Ürünler,,Kampanyalı Ürünler
Bulaşıkhane Ekipmanları Kampanyası,Kampanyalı Ürünler,Kampanyalı Ürünler > Bulaşıkhane Ekipmanları Kampanyası
Güneşli Depo Fırsatları,Kampanyalı Ürünler,Kampanyalı Ürünler > Güneşli Depo Fırsatları
Hazırlık Ekipmanlarında Güneşli Depo Fırsatları,Güneşli Depo Fırsatları,Kampanyalı Ürünler > Güneşli Depo Fırsatları > Hazırlık Ekipmanlarında Güneşli Depo Fırsatları
Mutfak Gereçlerinde Güneşli Depo Fırsatları,Güneşli Depo Fırsatları,Kampanyalı Ürünler > Güneşli Depo Fırsatları > Mutfak Gereçlerinde Güneşli Depo Fırsatları
Profesyonel Mutfak Ekipmanlarında Güneşli Depo Fırsatları,Güneşli Depo Fırsatları,Kampanyalı Ürünler > Güneşli Depo Fırsatları > Profesyonel Mutfak Ekipmanlarında Güneşli Depo Fırsatları
Tavalarda Güneşli Depo Fırsatları,Güneşli Depo Fırsatları,Kampanyalı Ürünler > Güneşli Depo Fırsatları > Tavalarda Güneşli Depo Fırsatları
Kahve Ekipmanları Kampanyası,Kampanyalı Ürünler,Kampanyalı Ürünler > Kahve Ekipmanları Kampanyası
Sizin İçin Seçtiklerimiz,Kampanyalı Ürünler,Kampanyalı Ürünler > Sizin İçin Seçtiklerimiz
Soğutma Ekipmanları Kampanyası,Kampanyalı Ürünler,Kampanyalı Ürünler > Soğutma Ekipmanları Kampanyası
Yaza Özel Son Stok Kampanyası,Kampanyalı Ürünler,Kampanyalı Ürünler > Yaza Özel Son Stok Kampanyası
Kenwood Ürünleri,,Kenwood Ürünleri
Kenwood Aksesuarları ve Aparatları,Kenwood Ürünleri,Kenwood Ürünleri > Kenwood Aksesuarları ve Aparatları
Kenwood Mikserleri,Kenwood Ürünleri,Kenwood Ürünleri > Kenwood Mikserleri
Kitchenaid Ürünleri,,Kitchenaid Ürünleri
Mutfak Gereçleri,,Mutfak Gereçleri
Bar Gereçleri,Mutfak Gereçleri,Mutfak Gereçleri > Bar Gereçleri
Barmen Malzemeleri,Bar Gereçleri,Mutfak Gereçleri > Bar Gereçleri > Barmen Malzemeleri
Bar Kaşıkları,Barmen Malzemeleri,Mutfak Gereçleri > Bar Gereçleri > Barmen Malzemeleri > Bar Kaşıkları
Bar Setleri,Barmen Malzemeleri,Mutfak Gereçleri > Bar Gereçleri > Barmen Malzemeleri > Bar Setleri
Bar Süzgeçleri,Barmen Malzemeleri,Mutfak Gereçleri > Bar Gereçleri > Barmen Malzemeleri > Bar Süzgeçleri
Barmen El Gereçleri,Barmen Malzemeleri,Mutfak Gereçleri > Bar Gereçleri > Barmen Malzemeleri > Barmen El Gereçleri
Bijon ve Akıtıcılar,Barmen Malzemeleri,Mutfak Gereçleri > Bar Gereçleri > Barmen Malzemeleri > Bijon ve Akıtıcılar
Mojito Tokmakları,Barmen Malzemeleri,Mutfak Gereçleri > Bar Gereçleri > Barmen Malzemeleri > Mojito Tokmakları
Tirbüşonlar,Barmen Malzemeleri,Mutfak Gereçleri > Bar Gereçleri > Barmen Malzemeleri > Tirbüşonlar
Buz Kalıpları,Bar Gereçleri,Mutfak Gereçleri > Bar Gereçleri > Buz Kalıpları
Kokteyl Bardakları,Bar Gereçleri,Mutfak Gereçleri > Bar Gereçleri > Kokteyl Bardakları
Kokteyl Hazırlama Gereçleri,Bar Gereçleri,Mutfak Gereçleri > Bar Gereçleri > Kokteyl Hazırlama Gereçleri
Garnitür Dispanserleri,Kokteyl Hazırlama Gereçleri,Mutfak Gereçleri > Bar Gereçleri > Kokteyl Hazırlama Gereçleri > Garnitür Dispanserleri
Jiggerlar,Kokteyl Hazırlama Gereçleri,Mutfak Gereçleri > Bar Gereçleri > Kokteyl Hazırlama Gereçleri > Jiggerlar
Kokteyl Şişeleri,Kokteyl Hazırlama Gereçleri,Mutfak Gereçleri > Bar Gereçleri > Kokteyl Hazırlama Gereçleri > Kokteyl Şişeleri
Plastik Sunumlar,Kokteyl Hazırlama Gereçleri,Mutfak Gereçleri > Bar Gereçleri > Kokteyl Hazırlama Gereçleri > Plastik Sunumlar
Miksoloji Ekipmanları,Bar Gereçleri,Mutfak Gereçleri > Bar Gereçleri > Miksoloji Ekipmanları
Tütsüleme Ekipmanları,Miksoloji Ekipmanları,Mutfak Gereçleri > Bar Gereçleri > Miksoloji Ekipmanları > Tütsüleme Ekipmanları
Şarap Aksesuarları,Bar Gereçleri,Mutfak Gereçleri > Bar Gereçleri > Şarap Aksesuarları
Bıçaklar,Mutfak Gereçleri,Mutfak Gereçleri > Bıçaklar
Baklava Bıçakları,Bıçaklar,Mutfak Gereçleri > Bıçaklar > Baklava Bıçakları
Balık Sıyırma Bıçakları,Bıçaklar,Mutfak Gereçleri > Bıçaklar > Balık Sıyırma Bıçakları
Börek Bıçakları,Bıçaklar,Mutfak Gereçleri > Bıçaklar > Börek Bıçakları
Bıçak Aksesuarları,Bıçaklar,Mutfak Gereçleri > Bıçaklar > Bıçak Aksesuarları
Bıçak Sterilizatör Dolapları,Bıçak Aksesuarları,Mutfak Gereçleri > Bıçaklar > Bıçak Aksesuarları > Bıçak Sterilizatör Dolapları
Bıçak Tespit Standları,Bıçak Aksesuarları,Mutfak Gereçleri > Bıçaklar > Bıçak Aksesuarları > Bıçak Tespit Standları
Bıçak Bileme Setleri,Bıçaklar,Mutfak Gereçleri > Bıçaklar > Bıçak Bileme Setleri
Bıçak Bileme Aletleri,Bıçak Bileme Setleri,Mutfak Gereçleri > Bıçaklar > Bıçak Bileme Setleri > Bıçak Bileme Aletleri
Masatlar,Bıçak Bileme Setleri,Mutfak Gereçleri > Bıçaklar > Bıçak Bileme Setleri > Masatlar
Bıçak Setleri,Bıçaklar,Mutfak Gereçleri > Bıçaklar > Bıçak Setleri
Dekor Bıçakları,Bıçaklar,Mutfak Gereçleri > Bıçaklar > Dekor Bıçakları
Döner Kesme Bıçakları,Bıçaklar,Mutfak Gereçleri > Bıçaklar > Döner Kesme Bıçakları
Ekmek Bıçakları,Bıçaklar,Mutfak Gereçleri > Bıçaklar > Ekmek Bıçakları
Et Biftek Bıçakları,Bıçaklar,Mutfak Gereçleri > Bıçaklar > Et Biftek Bıçakları
Et Kemik Bıçakları,Bıçaklar,Mutfak Gereçleri > Bıçaklar > Et Kemik Bıçakları
Hamur Kazıma ve Dilimleme Bıçakları,Bıçaklar,Mutfak Gereçleri > Bıçaklar > Hamur Kazıma ve Dilimleme Bıçakları
Japon Bıçakları,Bıçaklar,Mutfak Gereçleri > Bıçaklar > Japon Bıçakları
Kasap Bıçakları,Bıçaklar,Mutfak Gereçleri > Bıçaklar > Kasap Bıçakları
Kaşar Bıçakları,Bıçaklar,Mutfak Gereçleri > Bıçaklar > Kaşar Bıçakları
Mutfak Makasları,Bıçaklar,Mutfak Gereçleri > Bıçaklar > Mutfak Makasları
Paslanmaz Zırh Bıçaklar,Bıçaklar,Mutfak Gereçleri > Bıçaklar > Paslanmaz Zırh Bıçaklar
Pasta Bıçakları,Bıçaklar,Mutfak Gereçleri > Bıçaklar > Pasta Bıçakları
Peynir Bıçakları,Bıçaklar,Mutfak Gereçleri > Bıçaklar > Peynir Bıçakları
Pizza Bıçakları,Bıçaklar,Mutfak Gereçleri > Bıçaklar > Pizza Bıçakları
Satır Bıçaklar,Bıçaklar,Mutfak Gereçleri > Bıçaklar > Satır Bıçaklar
Sebze Bıçakları,Bıçaklar,Mutfak Gereçleri > Bıçaklar > Sebze Bıçakları
Servis Çatalları,Bıçaklar,Mutfak Gereçleri > Bıçaklar > Servis Çatalları
Standart Mutfak Bıçakları,Bıçaklar,Mutfak Gereçleri > Bıçaklar > Standart Mutfak Bıçakları
Tereyağı Bıçakları,Bıçaklar,Mutfak Gereçleri > Bıçaklar > Tereyağı Bıçakları
Çok Amaçlı Dilimleme Bıçakları,Bıçaklar,Mutfak Gereçleri > Bıçaklar > Çok Amaçlı Dilimleme Bıçakları
Şef Bıçakları,Bıçaklar,Mutfak Gereçleri > Bıçaklar > Şef Bıçakları
El Gereçleri,Mutfak Gereçleri,Mutfak Gereçleri > El Gereçleri
Et Dövecekleri,El Gereçleri,Mutfak Gereçleri > El Gereçleri > Et Dövecekleri
Havanlar,El Gereçleri,Mutfak Gereçleri > El Gereçleri > Havanlar
Kevgirler,El Gereçleri,Mutfak Gereçleri > El Gereçleri > Kevgirler
Pataşular,El Gereçleri,Mutfak Gereçleri > El Gereçleri > Pataşular
Rendeler,El Gereçleri,Mutfak Gereçleri > El Gereçleri > Rendeler
Sarımsak Ezecekleri,El Gereçleri,Mutfak Gereçleri > El Gereçleri > Sarımsak Ezecekleri
Servis Gereçleri,El Gereçleri,Mutfak Gereçleri > El Gereçleri > Servis Gereçleri
Balık Cımbızları,Servis Gereçleri,Mutfak Gereçleri > El Gereçleri > Servis Gereçleri > Balık Cımbızları
Dondurma Ekipmanları,Servis Gereçleri,Mutfak Gereçleri > El Gereçleri > Servis Gereçleri > Dondurma Ekipmanları
Dondurma & Tatlı Kaseleri,Dondurma Ekipmanları,Mutfak Gereçleri > El Gereçleri > Servis Gereçleri > Dondurma Ekipmanları > Dondurma & Tatlı Kaseleri
Dondurma Kalıpları,Dondurma Ekipmanları,Mutfak Gereçleri > El Gereçleri > Servis Gereçleri > Dondurma Ekipmanları > Dondurma Kalıpları
Dondurma Kapları,Dondurma Ekipmanları,Mutfak Gereçleri > El Gereçleri > Servis Gereçleri > Dondurma Ekipmanları > Dondurma Kapları
Dondurma Kaşıkları,Dondurma Ekipmanları,Mutfak Gereçleri > El Gereçleri > Servis Gereçleri > Dondurma Ekipmanları > Dondurma Kaşıkları
Dondurma Çubukları,Dondurma Ekipmanları,Mutfak Gereçleri > El Gereçleri > Servis Gereçleri > Dondurma Ekipmanları > Dondurma Çubukları
Külahlık,Dondurma Ekipmanları,Mutfak Gereçleri > El Gereçleri > Servis Gereçleri > Dondurma Ekipmanları > Külahlık
Kaşıklıklar,Servis Gereçleri,Mutfak Gereçleri > El Gereçleri > Servis Gereçleri > Kaşıklıklar
Kepçeler,Servis Gereçleri,Mutfak Gereçleri > El Gereçleri > Servis Gereçleri > Kepçeler
Masaüstü Servis Takımları,Servis Gereçleri,Mutfak Gereçleri > El Gereçleri > Servis Gereçleri > Masaüstü Servis Takımları
Maşalar,Servis Gereçleri,Mutfak Gereçleri > El Gereçleri > Servis Gereçleri > Maşalar
Servis Kaşıkları,Servis Gereçleri,Mutfak Gereçleri > El Gereçleri > Servis Gereçleri > Servis Kaşıkları
Servis Kürekleri,Servis Gereçleri,Mutfak Gereçleri > El Gereçleri > Servis Gereçleri > Servis Kürekleri
Sos Kaşığı ve Kepçeleri,Servis Gereçleri,Mutfak Gereçleri > El Gereçleri > Servis Gereçleri > Sos Kaşığı ve Kepçeleri
Sosluklar,Servis Gereçleri,Mutfak Gereçleri > El Gereçleri > Servis Gereçleri > Sosluklar
Şişe Açacakları,Servis Gereçleri,Mutfak Gereçleri > El Gereçleri > Servis Gereçleri > Şişe Açacakları
Spatulalar,El Gereçleri,Mutfak Gereçleri > El Gereçleri > Spatulalar
Süzgeçler,El Gereçleri,Mutfak Gereçleri > El Gereçleri > Süzgeçler
Zeytin Çekirdeği Çıkarma Aletleri,El Gereçleri,Mutfak Gereçleri > El Gereçleri > Zeytin Çekirdeği Çıkarma Aletleri
Çırpma Telleri,El Gereçleri,Mutfak Gereçleri > El Gereçleri > Çırpma Telleri
Eldivenler,Mutfak Gereçleri,Mutfak Gereçleri > Eldivenler
Fırın Eldivenleri,Eldivenler,Mutfak Gereçleri > Eldivenler > Fırın Eldivenleri
Çelik Kasap Eldivenleri,Eldivenler,Mutfak Gereçleri > Eldivenler > Çelik Kasap Eldivenleri
Elekler ve Kalburlar,Mutfak Gereçleri,Mutfak Gereçleri > Elekler ve Kalburlar
Kesme Tahtaları,Mutfak Gereçleri,Mutfak Gereçleri > Kesme Tahtaları
Ahşap Kesme Tahtaları,Kesme Tahtaları,Mutfak Gereçleri > Kesme Tahtaları > Ahşap Kesme Tahtaları
Polietilen Levhalar,Kesme Tahtaları,Mutfak Gereçleri > Kesme Tahtaları > Polietilen Levhalar
Küver Kapları,Mutfak Gereçleri,Mutfak Gereçleri > Küver Kapları
Mutfak Fırçaları,Mutfak Gereçleri,Mutfak Gereçleri > Mutfak Fırçaları
Pasta Ekipmanları,Mutfak Gereçleri,Mutfak Gereçleri > Pasta Ekipmanları
Gıda Boyaları,Pasta Ekipmanları,Mutfak Gereçleri > Pasta Ekipmanları > Gıda Boyaları
Karıştırma Kapları,Pasta Ekipmanları,Mutfak Gereçleri > Pasta Ekipmanları > Karıştırma Kapları
Krema Sifonları,Pasta Ekipmanları,Mutfak Gereçleri > Pasta Ekipmanları > Krema Sifonları
Krema Torbaları ve Duylar,Pasta Ekipmanları,Mutfak Gereçleri > Pasta Ekipmanları > Krema Torbaları ve Duylar
Merdaneler,Pasta Ekipmanları,Mutfak Gereçleri > Pasta Ekipmanları > Merdaneler
Oklavalar,Pasta Ekipmanları,Mutfak Gereçleri > Pasta Ekipmanları > Oklavalar
Pasta Spatulaları,Pasta Ekipmanları,Mutfak Gereçleri > Pasta Ekipmanları > Pasta Spatulaları
Pasta Süsleri,Pasta Ekipmanları,Mutfak Gereçleri > Pasta Ekipmanları > Pasta Süsleri
Süsleme Aletleri,Pasta Ekipmanları,Mutfak Gereçleri > Pasta Ekipmanları > Süsleme Aletleri
Yağ Kazanları,Pasta Ekipmanları,Mutfak Gereçleri > Pasta Ekipmanları > Yağ Kazanları
Çikolata Kalıpları,Pasta Ekipmanları,Mutfak Gereçleri > Pasta Ekipmanları > Çikolata Kalıpları
Pizza Gereçleri,Mutfak Gereçleri,Mutfak Gereçleri > Pizza Gereçleri
Alüminyum Pizza Tavaları,Pizza Gereçleri,Mutfak Gereçleri > Pizza Gereçleri > Alüminyum Pizza Tavaları
Delikli Pizza Tavaları,Pizza Gereçleri,Mutfak Gereçleri > Pizza Gereçleri > Delikli Pizza Tavaları
Pizza Kürekleri,Pizza Gereçleri,Mutfak Gereçleri > Pizza Gereçleri > Pizza Kürekleri
Pizza Tabakları,Pizza Gereçleri,Mutfak Gereçleri > Pizza Gereçleri > Pizza Tabakları
Pizza Tahtaları,Pizza Gereçleri,Mutfak Gereçleri > Pizza Gereçleri > Pizza Tahtaları
Pizza Tavaları,Pizza Gereçleri,Mutfak Gereçleri > Pizza Gereçleri > Pizza Tavaları
Pizza Taşları,Pizza Gereçleri,Mutfak Gereçleri > Pizza Gereçleri > Pizza Taşları
Sac Pizza Tavaları,Pizza Gereçleri,Mutfak Gereçleri > Pizza Gereçleri > Sac Pizza Tavaları
Pişirme Malzemeleri,Mutfak Gereçleri,Mutfak Gereçleri > Pişirme Malzemeleri
Barbekü Malzemeleri,Pişirme Malzemeleri,Mutfak Gereçleri > Pişirme Malzemeleri > Barbekü Malzemeleri
Döküm Sunum Tavaları,Pişirme Malzemeleri,Mutfak Gereçleri > Pişirme Malzemeleri > Döküm Sunum Tavaları
Fırın Pişirme Ekipmanları,Pişirme Malzemeleri,Mutfak Gereçleri > Pişirme Malzemeleri > Fırın Pişirme Ekipmanları
Kek Kalıpları,Fırın Pişirme Ekipmanları,Mutfak Gereçleri > Pişirme Malzemeleri > Fırın Pişirme Ekipmanları > Kek Kalıpları
Silikon Kek Kalıpları,Fırın Pişirme Ekipmanları,Mutfak Gereçleri > Pişirme Malzemeleri > Fırın Pişirme Ekipmanları > Silikon Kek Kalıpları
Silpatlar,Fırın Pişirme Ekipmanları,Mutfak Gereçleri > Pişirme Malzemeleri > Fırın Pişirme Ekipmanları > Silpatlar
Tavalar,Pişirme Malzemeleri,Mutfak Gereçleri > Pişirme Malzemeleri > Tavalar
Bain Marie Tavalar,Tavalar,Mutfak Gereçleri > Pişirme Malzemeleri > Tavalar > Bain Marie Tavalar
Bakır Tavalar,Tavalar,Mutfak Gereçleri > Pişirme Malzemeleri > Tavalar > Bakır Tavalar
Balık Tavaları,Tavalar,Mutfak Gereçleri > Pişirme Malzemeleri > Tavalar > Balık Tavaları
Kavurma Tavaları,Tavalar,Mutfak Gereçleri > Pişirme Malzemeleri > Tavalar > Kavurma Tavaları
Kaçerola Tava,Tavalar,Mutfak Gereçleri > Pişirme Malzemeleri > Tavalar > Kaçerola Tava
Krep Tavaları,Tavalar,Mutfak Gereçleri > Pişirme Malzemeleri > Tavalar > Krep Tavaları
Maksi Tavalar,Tavalar,Mutfak Gereçleri > Pişirme Malzemeleri > Tavalar > Maksi Tavalar
Sanayi Tipi Tavalar,Tavalar,Mutfak Gereçleri > Pişirme Malzemeleri > Tavalar > Sanayi Tipi Tavalar
Sos Tavaları,Tavalar,Mutfak Gereçleri > Pişirme Malzemeleri > Tavalar > Sos Tavaları
Sote Tavaları,Tavalar,Mutfak Gereçleri > Pişirme Malzemeleri > Tavalar > Sote Tavaları
Wok Tavalar,Tavalar,Mutfak Gereçleri > Pişirme Malzemeleri > Tavalar > Wok Tavalar
Yapışmaz Tavalar,Tavalar,Mutfak Gereçleri > Pişirme Malzemeleri > Tavalar > Yapışmaz Tavalar
Yayvan Tavalar,Tavalar,Mutfak Gereçleri > Pişirme Malzemeleri > Tavalar > Yayvan Tavalar
Yağ Tavaları,Tavalar,Mutfak Gereçleri > Pişirme Malzemeleri > Tavalar > Yağ Tavaları
Çift Saplı Tavalar,Tavalar,Mutfak Gereçleri > Pişirme Malzemeleri > Tavalar > Çift Saplı Tavalar
Tencereler ve Kapaklar,Pişirme Malzemeleri,Mutfak Gereçleri > Pişirme Malzemeleri > Tencereler ve Kapaklar
Helvane Tencere Kapakları,Tencereler ve Kapaklar,Mutfak Gereçleri > Pişirme Malzemeleri > Tencereler ve Kapaklar > Helvane Tencere Kapakları
Helvane Tencereleri,Tencereler ve Kapaklar,Mutfak Gereçleri > Pişirme Malzemeleri > Tencereler ve Kapaklar > Helvane Tencereleri
Kuskus Tencereleri,Tencereler ve Kapaklar,Mutfak Gereçleri > Pişirme Malzemeleri > Tencereler ve Kapaklar > Kuskus Tencereleri
Pres Baskılı Tepsi Kapakları,Tencereler ve Kapaklar,Mutfak Gereçleri > Pişirme Malzemeleri > Tencereler ve Kapaklar > Pres Baskılı Tepsi Kapakları
Silindirik Tencere Kapakları,Tencereler ve Kapaklar,Mutfak Gereçleri > Pişirme Malzemeleri > Tencereler ve Kapaklar > Silindirik Tencere Kapakları
Silindirik Tencereler,Tencereler ve Kapaklar,Mutfak Gereçleri > Pişirme Malzemeleri > Tencereler ve Kapaklar > Silindirik Tencereler
Sebze ve Meyve Hazırlık Ekipmanları,Mutfak Gereçleri,Mutfak Gereçleri > Sebze ve Meyve Hazırlık Ekipmanları
Dilimleme ve Doğrama Aletleri,Sebze ve Meyve Hazırlık Ekipmanları,Mutfak Gereçleri > Sebze ve Meyve Hazırlık Ekipmanları > Dilimleme ve Doğrama Aletleri
Fındık ve Ceviz Kıracakları,Sebze ve Meyve Hazırlık Ekipmanları,Mutfak Gereçleri > Sebze ve Meyve Hazırlık Ekipmanları > Fındık ve Ceviz Kıracakları
Mandolin Doğrama Aletleri,Sebze ve Meyve Hazırlık Ekipmanları,Mutfak Gereçleri > Sebze ve Meyve Hazırlık Ekipmanları > Mandolin Doğrama Aletleri
Oyacaklar,Sebze ve Meyve Hazırlık Ekipmanları,Mutfak Gereçleri > Sebze ve Meyve Hazırlık Ekipmanları > Oyacaklar
Püre Makineleri,Sebze ve Meyve Hazırlık Ekipmanları,Mutfak Gereçleri > Sebze ve Meyve Hazırlık Ekipmanları > Püre Makineleri
Soyacaklar,Sebze ve Meyve Hazırlık Ekipmanları,Mutfak Gereçleri > Sebze ve Meyve Hazırlık Ekipmanları > Soyacaklar
Yumurta Dilimleyici ve Halkaları,Mutfak Gereçleri,Mutfak Gereçleri > Yumurta Dilimleyici ve Halkaları
Çelik Yelekler,Mutfak Gereçleri,Mutfak Gereçleri > Çelik Yelekler
Ölçü Kapları,Mutfak Gereçleri,Mutfak Gereçleri > Ölçü Kapları
Huniler,Ölçü Kapları,Mutfak Gereçleri > Ölçü Kapları > Huniler
Ölçü Kapları ve Kaşıkları,Ölçü Kapları,Mutfak Gereçleri > Ölçü Kapları > Ölçü Kapları ve Kaşıkları
Şapşaklar,Ölçü Kapları,Mutfak Gereçleri > Ölçü Kapları > Şapşaklar
Şaşulalar,Ölçü Kapları,Mutfak Gereçleri > Ölçü Kapları > Şaşulalar
Saklama ve Taşıma Ekipmanları,,Saklama ve Taşıma Ekipmanları
Arabalar,Saklama ve Taşıma Ekipmanları,Saklama ve Taşıma Ekipmanları > Arabalar
Ağır Yük Taşıma Arabaları,Arabalar,Saklama ve Taşıma Ekipmanları > Arabalar > Ağır Yük Taşıma Arabaları
Banket Arabaları,Arabalar,Saklama ve Taşıma Ekipmanları > Arabalar > Banket Arabaları
Bebek Yemek Arabası Masası ve Sandalyesi,Arabalar,Saklama ve Taşıma Ekipmanları > Arabalar > Bebek Yemek Arabası Masası ve Sandalyesi
Bulaşık Taşıma Arabaları,Arabalar,Saklama ve Taşıma Ekipmanları > Arabalar > Bulaşık Taşıma Arabaları
Housekeeping Arabaları,Arabalar,Saklama ve Taşıma Ekipmanları > Arabalar > Housekeeping Arabaları
Katlı Tabak Taşıma Arabaları,Arabalar,Saklama ve Taşıma Ekipmanları > Arabalar > Katlı Tabak Taşıma Arabaları
Kolsuz Taşıma Arabaları,Arabalar,Saklama ve Taşıma Ekipmanları > Arabalar > Kolsuz Taşıma Arabaları
Kuru Gıda Arabaları,Arabalar,Saklama ve Taşıma Ekipmanları > Arabalar > Kuru Gıda Arabaları
Servis Arabaları,Arabalar,Saklama ve Taşıma Ekipmanları > Arabalar > Servis Arabaları
Tabak Arabaları Koruma Örtüleri,Arabalar,Saklama ve Taşıma Ekipmanları > Arabalar > Tabak Arabaları Koruma Örtüleri
Tabak Taşıma Dispanserleri,Arabalar,Saklama ve Taşıma Ekipmanları > Arabalar > Tabak Taşıma Dispanserleri
Tabak Taşıma Kartuşları,Arabalar,Saklama ve Taşıma Ekipmanları > Arabalar > Tabak Taşıma Kartuşları
Isıtmalı Tabak Kartuşları,Tabak Taşıma Kartuşları,Saklama ve Taşıma Ekipmanları > Arabalar > Tabak Taşıma Kartuşları > Isıtmalı Tabak Kartuşları
Nötr Tabak Kartuşları,Tabak Taşıma Kartuşları,Saklama ve Taşıma Ekipmanları > Arabalar > Tabak Taşıma Kartuşları > Nötr Tabak Kartuşları
Temizlik Arabaları,Arabalar,Saklama ve Taşıma Ekipmanları > Arabalar > Temizlik Arabaları
Tepsi Taşıma Arabaları,Arabalar,Saklama ve Taşıma Ekipmanları > Arabalar > Tepsi Taşıma Arabaları
Çöp Toplama Arabaları,Arabalar,Saklama ve Taşıma Ekipmanları > Arabalar > Çöp Toplama Arabaları
Et Askıları,Saklama ve Taşıma Ekipmanları,Saklama ve Taşıma Ekipmanları > Et Askıları
Gastronom Kapaklar,Saklama ve Taşıma Ekipmanları,Saklama ve Taşıma Ekipmanları > Gastronom Kapaklar
Paslanmaz Kapak,Gastronom Kapaklar,Saklama ve Taşıma Ekipmanları > Gastronom Kapaklar > Paslanmaz Kapak
Polikarbon Kapak,Gastronom Kapaklar,Saklama ve Taşıma Ekipmanları > Gastronom Kapaklar > Polikarbon Kapak
Polipropilen Kapak,Gastronom Kapaklar,Saklama ve Taşıma Ekipmanları > Gastronom Kapaklar > Polipropilen Kapak
Gastronom Küvetler,Saklama ve Taşıma Ekipmanları,Saklama ve Taşıma Ekipmanları > Gastronom Küvetler
Delikli Gastronom Küvet,Gastronom Küvetler,Saklama ve Taşıma Ekipmanları > Gastronom Küvetler > Delikli Gastronom Küvet
Gastronom Süzgeçler,Gastronom Küvetler,Saklama ve Taşıma Ekipmanları > Gastronom Küvetler > Gastronom Süzgeçler
Köşe Desenli Gastronom Küvet,Gastronom Küvetler,Saklama ve Taşıma Ekipmanları > Gastronom Küvetler > Köşe Desenli Gastronom Küvet
Polikarbon Küvetler,Gastronom Küvetler,Saklama ve Taşıma Ekipmanları > Gastronom Küvetler > Polikarbon Küvetler
Polipropilen Gastronom Küvet,Gastronom Küvetler,Saklama ve Taşıma Ekipmanları > Gastronom Küvetler > Polipropilen Gastronom Küvet
Saplı Gastronom Küvet,Gastronom Küvetler,Saklama ve Taşıma Ekipmanları > Gastronom Küvetler > Saplı Gastronom Küvet
Saplı Köşe Desenli Gastronom Küvetler,Gastronom Küvetler,Saklama ve Taşıma Ekipmanları > Gastronom Küvetler > Saplı Köşe Desenli Gastronom Küvetler
Standart Gastronom Küvet,Gastronom Küvetler,Saklama ve Taşıma Ekipmanları > Gastronom Küvetler > Standart Gastronom Küvet
Yapışmaz Gastronom Küvetler,Gastronom Küvetler,Saklama ve Taşıma Ekipmanları > Gastronom Küvetler > Yapışmaz Gastronom Küvetler
Paketleme ve Ambalaj Ürünleri,Saklama ve Taşıma Ekipmanları,Saklama ve Taşıma Ekipmanları > Paketleme ve Ambalaj Ürünleri
Raflar,Saklama ve Taşıma Ekipmanları,Saklama ve Taşıma Ekipmanları > Raflar
Açık Servis Rafları,Raflar,Saklama ve Taşıma Ekipmanları > Raflar > Açık Servis Rafları
Duvar Rafları,Raflar,Saklama ve Taşıma Ekipmanları > Raflar > Duvar Rafları
İstif Rafları,Raflar,Saklama ve Taşıma Ekipmanları > Raflar > İstif Rafları
Saklama Kapları,Saklama ve Taşıma Ekipmanları,Saklama ve Taşıma Ekipmanları > Saklama Kapları
Servis Çantaları,Saklama ve Taşıma Ekipmanları,Saklama ve Taşıma Ekipmanları > Servis Çantaları
Termoboxlar,Saklama ve Taşıma Ekipmanları,Saklama ve Taşıma Ekipmanları > Termoboxlar
Yemek Taşıma Kapları,Saklama ve Taşıma Ekipmanları,Saklama ve Taşıma Ekipmanları > Yemek Taşıma Kapları
Satın Alma Rehberleri,,Satın Alma Rehberleri
Buz Makinesi Satın Alma Rehberi,Satın Alma Rehberleri,Satın Alma Rehberleri > Buz Makinesi Satın Alma Rehberi
Kahve Değirmeni Satın Alma Rehberi,Satın Alma Rehberleri,Satın Alma Rehberleri > Kahve Değirmeni Satın Alma Rehberi
Kahve Makinesi Satın Alma Rehberi,Satın Alma Rehberleri,Satın Alma Rehberleri > Kahve Makinesi Satın Alma Rehberi
Çay Kazanı ve Çay Makinesi Satın Alma Rehberi,Satın Alma Rehberleri,Satın Alma Rehberleri > Çay Kazanı ve Çay Makinesi Satın Alma Rehberi
Süpermarket,,Süpermarket
"Dondurma Tozu, Sos ve Katkı Malzemeleri",Süpermarket,"Süpermarket > Dondurma Tozu, Sos ve Katkı Malzemeleri"
Temizlik Ekipmanları,,Temizlik Ekipmanları
Bariyer ve Güvenlik Aksesuarları,Temizlik Ekipmanları,Temizlik Ekipmanları > Bariyer ve Güvenlik Aksesuarları
Hava Temizleme Cihazları,Temizlik Ekipmanları,Temizlik Ekipmanları > Hava Temizleme Cihazları
Kimyasal Temizlik Malzemeleri,Temizlik Ekipmanları,Temizlik Ekipmanları > Kimyasal Temizlik Malzemeleri
El Yıkama Temizliği Malzemeleri,Kimyasal Temizlik Malzemeleri,Temizlik Ekipmanları > Kimyasal Temizlik Malzemeleri > El Yıkama Temizliği Malzemeleri
El Yıkama Kimyasalları Sabunlar,El Yıkama Temizliği Malzemeleri,Temizlik Ekipmanları > Kimyasal Temizlik Malzemeleri > El Yıkama Temizliği Malzemeleri > El Yıkama Kimyasalları Sabunlar
Housekeeping Kimyasalları,Kimyasal Temizlik Malzemeleri,Temizlik Ekipmanları > Kimyasal Temizlik Malzemeleri > Housekeeping Kimyasalları
Mutfak Temizleme Kimyasalları,Kimyasal Temizlik Malzemeleri,Temizlik Ekipmanları > Kimyasal Temizlik Malzemeleri > Mutfak Temizleme Kimyasalları
Fırın Temizleme Kimyasalları,Mutfak Temizleme Kimyasalları,Temizlik Ekipmanları > Kimyasal Temizlik Malzemeleri > Mutfak Temizleme Kimyasalları > Fırın Temizleme Kimyasalları
Oda Spreyleri,Mutfak Temizleme Kimyasalları,Temizlik Ekipmanları > Kimyasal Temizlik Malzemeleri > Mutfak Temizleme Kimyasalları > Oda Spreyleri
Temizleme Tabletleri,Kimyasal Temizlik Malzemeleri,Temizlik Ekipmanları > Kimyasal Temizlik Malzemeleri > Temizleme Tabletleri
Yüzey Temizleyiciler,Kimyasal Temizlik Malzemeleri,Temizlik Ekipmanları > Kimyasal Temizlik Malzemeleri > Yüzey Temizleyiciler
Kullan At Malzemeler,Temizlik Ekipmanları,Temizlik Ekipmanları > Kullan At Malzemeler
Kağıt Havlular,Kullan At Malzemeler,Temizlik Ekipmanları > Kullan At Malzemeler > Kağıt Havlular
Peçeteler,Kullan At Malzemeler,Temizlik Ekipmanları > Kullan At Malzemeler > Peçeteler
Tuvalet Kağıtları,Kullan At Malzemeler,Temizlik Ekipmanları > Kullan At Malzemeler > Tuvalet Kağıtları
Çöp Poşetleri,Kullan At Malzemeler,Temizlik Ekipmanları > Kullan At Malzemeler > Çöp Poşetleri
Küllükler,Temizlik Ekipmanları,Temizlik Ekipmanları > Küllükler
Sinek Kovucu Cihazlar,Temizlik Ekipmanları,Temizlik Ekipmanları > Sinek Kovucu Cihazlar
Toz Alma ve Yüzey Temizleme Malzemeleri,Temizlik Ekipmanları,Temizlik Ekipmanları > Toz Alma ve Yüzey Temizleme Malzemeleri
Bezler,Toz Alma ve Yüzey Temizleme Malzemeleri,Temizlik Ekipmanları > Toz Alma ve Yüzey Temizleme Malzemeleri > Bezler
Sprey Kovaları ve Başlıkları,Toz Alma ve Yüzey Temizleme Malzemeleri,Temizlik Ekipmanları > Toz Alma ve Yüzey Temizleme Malzemeleri > Sprey Kovaları ve Başlıkları
Tuvalet Temizlik Malzemeleri,Temizlik Ekipmanları,Temizlik Ekipmanları > Tuvalet Temizlik Malzemeleri
Kağıt Havlu Dispanserleri,Tuvalet Temizlik Malzemeleri,Temizlik Ekipmanları > Tuvalet Temizlik Malzemeleri > Kağıt Havlu Dispanserleri
Klozet Fırçaları ve Takımları,Tuvalet Temizlik Malzemeleri,Temizlik Ekipmanları > Tuvalet Temizlik Malzemeleri > Klozet Fırçaları ve Takımları
Klozet Kapak Örtüsü Dispanserleri,Tuvalet Temizlik Malzemeleri,Temizlik Ekipmanları > Tuvalet Temizlik Malzemeleri > Klozet Kapak Örtüsü Dispanserleri
Sabunluklar ve Dispanserler,Tuvalet Temizlik Malzemeleri,Temizlik Ekipmanları > Tuvalet Temizlik Malzemeleri > Sabunluklar ve Dispanserler
Tuvalet Banyo Temizlik Kimyasalları,Tuvalet Temizlik Malzemeleri,Temizlik Ekipmanları > Tuvalet Temizlik Malzemeleri > Tuvalet Banyo Temizlik Kimyasalları
Çöp Kovaları ve Konteynerleri,Temizlik Ekipmanları,Temizlik Ekipmanları > Çöp Kovaları ve Konteynerleri
Yedek Parça,,Yedek Parça
Açık Büfe Yedek Parçaları,Yedek Parça,Yedek Parça > Açık Büfe Yedek Parçaları
Bar Blender Yedek Parçaları,Yedek Parça,Yedek Parça > Bar Blender Yedek Parçaları
Big Green Egg Yedek Parça ve Aksesuarları,Yedek Parça,Yedek Parça > Big Green Egg Yedek Parça ve Aksesuarları
Bravilor Bonamat Yedek Parça,Yedek Parça,Yedek Parça > Bravilor Bonamat Yedek Parça
Bulaşık Makinesi Yedek Parçaları,Yedek Parça,Yedek Parça > Bulaşık Makinesi Yedek Parçaları
Dito Sama Yedek Parçaları,Yedek Parça,Yedek Parça > Dito Sama Yedek Parçaları
Doğrayıcı Yedek Parçaları,Yedek Parça,Yedek Parça > Doğrayıcı Yedek Parçaları
Döner & Kebap Şişleri,Yedek Parça,Yedek Parça > Döner & Kebap Şişleri
El Blenderları Yedek Parçaları,Yedek Parça,Yedek Parça > El Blenderları Yedek Parçaları
Empero Yedek Parça,Yedek Parça,Yedek Parça > Empero Yedek Parça
Gtech Yedek Parçaları,Yedek Parça,Yedek Parça > Gtech Yedek Parçaları
Gurmeaid Akseuarları ve Aparatları,Yedek Parça,Yedek Parça > Gurmeaid Akseuarları ve Aparatları
Hamilton Beach Yedek Parçaları,Yedek Parça,Yedek Parça > Hamilton Beach Yedek Parçaları
Hamur Yoğurma Makinesi Yedek Parçaları,Yedek Parça,Yedek Parça > Hamur Yoğurma Makinesi Yedek Parçaları
Imperia Yedek Parçaları,Yedek Parça,Yedek Parça > Imperia Yedek Parçaları
Kitchenaid Aksesuarları & Aparatları,Yedek Parça,Yedek Parça > Kitchenaid Aksesuarları & Aparatları
Kıyma Makinesi Yedek Parçaları,Yedek Parça,Yedek Parça > Kıyma Makinesi Yedek Parçaları
Menumaster Yedek Parçaları,Yedek Parça,Yedek Parça > Menumaster Yedek Parçaları
Rational Fırın Yedek Parçaları,Yedek Parça,Yedek Parça > Rational Fırın Yedek Parçaları
Robot Coupe Bıçakları,Yedek Parça,Yedek Parça > Robot Coupe Bıçakları
Santos Yedek Parça,Yedek Parça,Yedek Parça > Santos Yedek Parça
Sirman Yedek Parça,Yedek Parça,Yedek Parça > Sirman Yedek Parça
Swedlinghaus Yedek Parçaları,Yedek Parça,Yedek Parça > Swedlinghaus Yedek Parçaları
Sıcak İçecek Ekipmanları Yedek Parçaları,Yedek Parça,Yedek Parça > Sıcak İçecek Ekipmanları Yedek Parçaları
Unox Yedek Parça,Yedek Parça,Yedek Parça > Unox Yedek Parça
Yazıcılar Yedek Parça,Yedek Parça,Yedek Parça > Yazıcılar Yedek Parça
Öztiryakiler Yedek Parça,Yedek Parça,Yedek Parça > Öztiryakiler Yedek Parça
İçecek Ekipmanları,,İçecek Ekipmanları
Kahve Makineleri ve Ekipmanları,İçecek Ekipmanları,İçecek Ekipmanları > Kahve Makineleri ve Ekipmanları
Barista Malzemeleri,Kahve Makineleri ve Ekipmanları,İçecek Ekipmanları > Kahve Makineleri ve Ekipmanları > Barista Malzemeleri
Chemexler,Kahve Makineleri ve Ekipmanları,İçecek Ekipmanları > Kahve Makineleri ve Ekipmanları > Chemexler
Dripper,Kahve Makineleri ve Ekipmanları,İçecek Ekipmanları > Kahve Makineleri ve Ekipmanları > Dripper
Espresso ve Cappuccino Makineleri,Kahve Makineleri ve Ekipmanları,İçecek Ekipmanları > Kahve Makineleri ve Ekipmanları > Espresso ve Cappuccino Makineleri
Filtre Kahve Kağıtları,Kahve Makineleri ve Ekipmanları,İçecek Ekipmanları > Kahve Makineleri ve Ekipmanları > Filtre Kahve Kağıtları
Filtre Kahve Makineleri,Kahve Makineleri ve Ekipmanları,İçecek Ekipmanları > Kahve Makineleri ve Ekipmanları > Filtre Kahve Makineleri
Fincan Isıtıcılar,Kahve Makineleri ve Ekipmanları,İçecek Ekipmanları > Kahve Makineleri ve Ekipmanları > Fincan Isıtıcılar
French Pressler,Kahve Makineleri ve Ekipmanları,İçecek Ekipmanları > Kahve Makineleri ve Ekipmanları > French Pressler
Hassas Kahve Tartıları,Kahve Makineleri ve Ekipmanları,İçecek Ekipmanları > Kahve Makineleri ve Ekipmanları > Hassas Kahve Tartıları
Kahve Değirmenleri,Kahve Makineleri ve Ekipmanları,İçecek Ekipmanları > Kahve Makineleri ve Ekipmanları > Kahve Değirmenleri
Manuel Kahve Değirmenleri,Kahve Değirmenleri,İçecek Ekipmanları > Kahve Makineleri ve Ekipmanları > Kahve Değirmenleri > Manuel Kahve Değirmenleri
Otomatik Kahve Değirmenleri,Kahve Değirmenleri,İçecek Ekipmanları > Kahve Makineleri ve Ekipmanları > Kahve Değirmenleri > Otomatik Kahve Değirmenleri
Kahve Dispanserleri,Kahve Makineleri ve Ekipmanları,İçecek Ekipmanları > Kahve Makineleri ve Ekipmanları > Kahve Dispanserleri
Kahve Filtreleri,Kahve Makineleri ve Ekipmanları,İçecek Ekipmanları > Kahve Makineleri ve Ekipmanları > Kahve Filtreleri
Kahve Kazanları,Kahve Makineleri ve Ekipmanları,İçecek Ekipmanları > Kahve Makineleri ve Ekipmanları > Kahve Kazanları
Kahve Makinesi Temizlik ve Bakım Ürünleri,Kahve Makineleri ve Ekipmanları,İçecek Ekipmanları > Kahve Makineleri ve Ekipmanları > Kahve Makinesi Temizlik ve Bakım Ürünleri
Kahve Posa Çekmeceleri,Kahve Makineleri ve Ekipmanları,İçecek Ekipmanları > Kahve Makineleri ve Ekipmanları > Kahve Posa Çekmeceleri
Kahve Potları ve Demlikler,Kahve Makineleri ve Ekipmanları,İçecek Ekipmanları > Kahve Makineleri ve Ekipmanları > Kahve Potları ve Demlikler
Kahveler,Kahve Makineleri ve Ekipmanları,İçecek Ekipmanları > Kahve Makineleri ve Ekipmanları > Kahveler
Kumda Kahve Makineleri,Kahve Makineleri ve Ekipmanları,İçecek Ekipmanları > Kahve Makineleri ve Ekipmanları > Kumda Kahve Makineleri
Sifon Kahve Makineleri,Kahve Makineleri ve Ekipmanları,İçecek Ekipmanları > Kahve Makineleri ve Ekipmanları > Sifon Kahve Makineleri
Soğuk Demleme Ekipmanları,Kahve Makineleri ve Ekipmanları,İçecek Ekipmanları > Kahve Makineleri ve Ekipmanları > Soğuk Demleme Ekipmanları
Süt Potu & Pitcher,Kahve Makineleri ve Ekipmanları,İçecek Ekipmanları > Kahve Makineleri ve Ekipmanları > Süt Potu & Pitcher
Süt Soğutma Üniteleri,Kahve Makineleri ve Ekipmanları,İçecek Ekipmanları > Kahve Makineleri ve Ekipmanları > Süt Soğutma Üniteleri
"Süt, Kahve Termometreleri",Kahve Makineleri ve Ekipmanları,"İçecek Ekipmanları > Kahve Makineleri ve Ekipmanları > Süt, Kahve Termometreleri"
Tam Otomatik Kahve Makineleri,Kahve Makineleri ve Ekipmanları,İçecek Ekipmanları > Kahve Makineleri ve Ekipmanları > Tam Otomatik Kahve Makineleri
Tamper,Kahve Makineleri ve Ekipmanları,İçecek Ekipmanları > Kahve Makineleri ve Ekipmanları > Tamper
Türk Kahvesi Makineleri,Kahve Makineleri ve Ekipmanları,İçecek Ekipmanları > Kahve Makineleri ve Ekipmanları > Türk Kahvesi Makineleri
Meyve Suyu Soğutucuları,İçecek Ekipmanları,İçecek Ekipmanları > Meyve Suyu Soğutucuları
Slush Makineleri,İçecek Ekipmanları,İçecek Ekipmanları > Slush Makineleri
Su Arıtma Cihazları,İçecek Ekipmanları,İçecek Ekipmanları > Su Arıtma Cihazları
Sıcak Su Otomatları,İçecek Ekipmanları,İçecek Ekipmanları > Sıcak Su Otomatları
Sıcak Çikolata Dispanserleri,İçecek Ekipmanları,İçecek Ekipmanları > Sıcak Çikolata Dispanserleri
Termoslar,İçecek Ekipmanları,İçecek Ekipmanları > Termoslar
Çay Kazanları,İçecek Ekipmanları,İçecek Ekipmanları > Çay Kazanları
Çay Makineleri,İçecek Ekipmanları,İçecek Ekipmanları > Çay Makineleri
Çaydanlıklar ve Demlikler,İçecek Ekipmanları,İçecek Ekipmanları > Çaydanlıklar ve Demlikler
İçecek Hazırlama Ekipmanları,İçecek Ekipmanları,İçecek Ekipmanları > İçecek Hazırlama Ekipmanları
Bar Blenderları,İçecek Hazırlama Ekipmanları,İçecek Ekipmanları > İçecek Hazırlama Ekipmanları > Bar Blenderları
Bar Mikserleri,İçecek Hazırlama Ekipmanları,İçecek Ekipmanları > İçecek Hazırlama Ekipmanları > Bar Mikserleri
Buz Kovaları,İçecek Hazırlama Ekipmanları,İçecek Ekipmanları > İçecek Hazırlama Ekipmanları > Buz Kovaları
Buz Kürekleri,İçecek Hazırlama Ekipmanları,İçecek Ekipmanları > İçecek Hazırlama Ekipmanları > Buz Kürekleri
Buz Kıracakları,İçecek Hazırlama Ekipmanları,İçecek Ekipmanları > İçecek Hazırlama Ekipmanları > Buz Kıracakları
Buz Maşaları,İçecek Hazırlama Ekipmanları,İçecek Ekipmanları > İçecek Hazırlama Ekipmanları > Buz Maşaları
Kokteyl Karıştırıcılar,İçecek Hazırlama Ekipmanları,İçecek Ekipmanları > İçecek Hazırlama Ekipmanları > Kokteyl Karıştırıcılar
Matcha Ekipmanları,İçecek Hazırlama Ekipmanları,İçecek Ekipmanları > İçecek Hazırlama Ekipmanları > Matcha Ekipmanları
Meyve Sıkma Makineleri,İçecek Hazırlama Ekipmanları,İçecek Ekipmanları > İçecek Hazırlama Ekipmanları > Meyve Sıkma Makineleri
Punch Kaseleri,İçecek Hazırlama Ekipmanları,İçecek Ekipmanları > İçecek Hazırlama Ekipmanları > Punch Kaseleri
Şarap Isıtıcıları,İçecek Ekipmanları,İçecek Ekipmanları > Şarap Isıtıcıları
